Hotel_Name,Review_ID,Author,Date,Classification,Quote_Text
Lamartine Hotel,LAM_P1_R1,Unknown Author,N/A,Positive,"The staff was exceptional. We weren’t really pleased with the basic room that we booked because the toilet is not completely separated, it’s like an open space bathroom, and so we asked for an upgrade and we receive one at a discount."
Lamartine Hotel,LAM_P1_R1,Unknown Author,N/A,Negative,The breakfast was pretty basic so I would advise travelers to skip it and go eat a classic Turkish breakfast in town.
Lamartine Hotel,LAM_P1_R2,Unknown Author,N/A,Positive,"Breakfast was perfect and fresh, coffee and tea - delicious. New and cozy hotel, best location."
Lamartine Hotel,LAM_P1_R3,Unknown Author,N/A,Positive,"The breakfast, the interior design, and the staff.. Especially Ahmed"
Lamartine Hotel,LAM_P1_R3,Unknown Author,N/A,Negative,They didn’t clean the room as was expected
Lamartine Hotel,LAM_P1_R4,Unknown Author,N/A,Positive,Modern hotel.  My room was well appointed and impeccable.  Staff was very courteous. Breakfast buffet had a wide selection of hot and cold dishes.
Lamartine Hotel,LAM_P1_R4,Unknown Author,N/A,Negative,Internet was patchy
Lamartine Hotel,LAM_P1_R5,Unknown Author,N/A,Positive,"Location, friendly staff, cleanliness, and easy check-in check-out."
Lamartine Hotel,LAM_P1_R5,Unknown Author,N/A,Negative,Breakfast is not good. Not much variety and quantity compared to the other close by hotels in the same price range. The room we stayed at was also very small.
Lamartine Hotel,LAM_P1_R6,Unknown Author,N/A,Positive,"It was great that upon our arrival at 8 a.m., they gave us the room directly ."
Lamartine Hotel,LAM_P1_R6,Unknown Author,N/A,Negative,Nothing everything was great.
Lamartine Hotel,LAM_P1_R7,Unknown Author,N/A,Positive,"The location was great coming to taxim square from the airport by the bus.
There are plenty of restaurants around.
Safe location.
Friendly staff."
Lamartine Hotel,LAM_P1_R7,Unknown Author,N/A,Negative,The double bed size was a little bit small .
Lamartine Hotel,LAM_P1_R8,Unknown Author,N/A,Positive,"My stay at the hotel was absolutely perfect. The staff were incredibly welcoming and helpful - special thanks to Ramazan, Ahmet, Serkan, and Emirhan, they were all amazing and made us feel very comfortable.
The housekeeping lady was impressively fast and professional; the room and bathroom were always spotless. The breakfast area manager and staff were also very kind, attentive, and helpful.
Overall, it was a perfect stay, and I would definitely come back again."
Lamartine Hotel,LAM_P1_R9,Unknown Author,N/A,Positive,food specially 😋 and every things delicious 😋
Lamartine Hotel,LAM_P1_R9,Unknown Author,N/A,Negative,nothing was everything comfortable
Lamartine Hotel,LAM_P1_R10,Unknown Author,N/A,Positive,The staff was perfect. Especially Serkan at the reception.
Lamartine Hotel,LAM_P1_R10,Unknown Author,N/A,Negative,Breakfast can be better
Lamartine Hotel,LAM_P1_R11,Unknown Author,N/A,Positive,"I really enjoyed my stay at Hotel Lamartine because the hotel was new and everything was very clean and well organized. The housekeeping staff were very professional, and the breakfast was complete and very good. The hotel’s location was also excellent, very close to Taksim."
Lamartine Hotel,LAM_P1_R12,Unknown Author,N/A,Positive,The management upgraded our room. The rooms are beautifully decorated! Breakfast was very good! Service was outstanding! The location was very good! Our experience was very nice and we will certainly be going back to Lamartine Hotel on our visit to Istanbul in August 3 months.
Lamartine Hotel,LAM_P1_R12,Unknown Author,N/A,Negative,Everything was perfect!
Lamartine Hotel,LAM_P1_R13,Unknown Author,N/A,Positive,"Couldnt be a better location! I stayed in the renovated side and everything was perfect. Great for short stays though, my room was not very spacious."
Lamartine Hotel,LAM_P1_R13,Unknown Author,N/A,Negative,Internet connection should be improved urgently.
Lamartine Hotel,LAM_P1_R14,Unknown Author,N/A,Positive,The management is super professional in all cases
Lamartine Hotel,LAM_P1_R15,Unknown Author,N/A,Positive,"I stayed in one of the studio rooms and absolutely loved it. The staff were very friendly, helpful and professional. The room itself had everything I needed, I would definitely stay here again"
Lamartine Hotel,LAM_P1_R16,Unknown Author,N/A,Positive,The pillow and bed are so comfortable you don’t want to get out of bed….
Lamartine Hotel,LAM_P1_R16,Unknown Author,N/A,Negative,Maybe nothing
Lamartine Hotel,LAM_P1_R17,Unknown Author,N/A,Positive,Location
Lamartine Hotel,LAM_P1_R17,Unknown Author,N/A,Negative,"Nothing. Room is quite small, but comfortable and good priced."
Lamartine Hotel,LAM_P1_R18,Unknown Author,N/A,Positive,"Staffs are very courteous and friendly, location is great and easy to explore Istanbul, room is clean, we slept well  and very comfortable during our stay"
Lamartine Hotel,LAM_P1_R18,Unknown Author,N/A,Negative,Room is not soundproofed we heart lot noises from the neighbors.
Lamartine Hotel,LAM_P1_R19,Unknown Author,N/A,Positive,"Good breakfast, warm hosts, good room cleaning and services. Near the airport shuttle bus."
Lamartine Hotel,LAM_P1_R20,Unknown Author,N/A,Positive,"The location is great, close to the metro station and the airport bus. The staff are friendly, the rooms are clean and the breakfast offers good selection. I’d definitely recommend this hotel."
Lamartine Hotel,LAM_P1_R21,Unknown Author,N/A,Positive,"Great Hotel very clean and comfortable, very friendly and super professional team, breakfast is good and location is perfect, I would never choose another Hotel if this one is available, I would like to thank the Hotel team for their professionality, specially Serkan bey and Ahmet bey, who treated me as a friend or brother not as a guest thank you so much"
Lamartine Hotel,LAM_P1_R22,Unknown Author,N/A,Positive,"Amazing concierge who were always very helpful. Especially Barat. He was friendly and even took the time to say hello on the street outside of his shift. 
The breakfast was comprehensive & they had a honey comb section which I’ve never seen before."
Lamartine Hotel,LAM_P1_R22,Unknown Author,N/A,Negative,"I would’ve liked a coffee machine in my room as the breakfast doesn’t open until 7 am. I’m an early riser and I love a coffee before seven. There are places nearby which you can get a coffee in the early hours. 
My initial room was very loud due to the doors closing loudly near me. I was also next to the elevator. So I told concierge this and they moved me to a much quieter area and I really liked the room."
Lamartine Hotel,LAM_P1_R23,Unknown Author,N/A,Positive,staff was helpful & friendly.
Lamartine Hotel,LAM_P1_R23,Unknown Author,N/A,Negative,"it was in the ""winter"" season but was warm & no air conditioning available"
Lamartine Hotel,LAM_P1_R24,Unknown Author,N/A,Positive,"Location, staff, breakfast, cleanliness, silence"
Lamartine Hotel,LAM_P1_R24,Unknown Author,N/A,Negative,"Wifi, wc seat"
Lamartine Hotel,LAM_P2_R1,Unknown Author,N/A,Positive,"Location, cleanness, staff."
Lamartine Hotel,LAM_P2_R1,Unknown Author,N/A,Negative,Breakfast is quite poor.
Lamartine Hotel,LAM_P2_R2,Unknown Author,N/A,Positive,"Breakfast was amazing, room small but with every comfort and modern design just like in the photos."
Lamartine Hotel,LAM_P2_R2,Unknown Author,N/A,Negative,"Sometimes the reception staff could have been more welcoming, with a small acknowledgement like good morning or good evening. Felt like when we were passing by, they just continued their work."
Lamartine Hotel,LAM_P2_R3,Unknown Author,N/A,Positive,"great location just off taksim square, room was superb (small balcony overlooking main street) bed super comfy with great pillows and good air conditioning. Bathroom uber modern with toilet with intrgral bidet, room cleaned daily and bottled water supplied and put in fridge in room. clever ""smart"" lighting and an electronic system to show when you wanted room cleaned or ""do not disturb"" on the outside of your room. Breakfast was great from salads/cheeses/fruit and cereal all the way to cooked foods including fluffy scrambled eggs and sausages and also a selection of breads/croissants/ a toaster to make toast and some cakes etc - tea/coffee and fruit juices available"
Lamartine Hotel,LAM_P2_R3,Unknown Author,N/A,Negative,nothing - it was a great hotel
Lamartine Hotel,LAM_P2_R4,Unknown Author,N/A,Positive,"1.	Great stay — clean, quiet, and excellent value!
	2.	Highly recommended! Clean, quiet, and well-located.
	3.	Perfect choice for a comfortable and hygienic stay.
	4.	Impressed by the cleanliness and quality!
	5.	One of the best stays — hope the quality stays the same."
Lamartine Hotel,LAM_P2_R5,Unknown Author,N/A,Positive,Staff and right side building
Lamartine Hotel,LAM_P2_R5,Unknown Author,N/A,Negative,Left side building
Lamartine Hotel,LAM_P2_R6,Unknown Author,N/A,Positive,Location and hospitality
Lamartine Hotel,LAM_P2_R6,Unknown Author,N/A,Negative,Nothing
Lamartine Hotel,LAM_P2_R7,Unknown Author,N/A,Positive,"Great location, friendly staff and comfortable rooms."
Lamartine Hotel,LAM_P2_R8,Unknown Author,N/A,Positive,Staff was good and really helpful.
Lamartine Hotel,LAM_P2_R8,Unknown Author,N/A,Negative,There was issue with air conditioning on one side of the building.
Lamartine Hotel,LAM_P2_R9,Unknown Author,N/A,Positive,"Great location, newly refurbished. Friendly staff, large room."
Lamartine Hotel,LAM_P2_R9,Unknown Author,N/A,Negative,The breakfast didn’t have much options for vegetarians.
Lamartine Hotel,LAM_P2_R10,Unknown Author,N/A,Positive,Convenient location & very good services by staff
Lamartine Hotel,LAM_P2_R10,Unknown Author,N/A,Negative,Poor internet in room
Lamartine Hotel,LAM_P2_R11,Unknown Author,N/A,Positive,"Perfect location, value for money, clean and good decor, perfect for our 2 night stay."
Lamartine Hotel,LAM_P2_R11,Unknown Author,N/A,Negative,Think the breakfast needs some improvement.
Lamartine Hotel,LAM_P2_R12,Unknown Author,N/A,Positive,"Location is perfect 
Breakfast is also very good"
Lamartine Hotel,LAM_P2_R12,Unknown Author,N/A,Negative,Room is a bit small
Lamartine Hotel,LAM_P2_R13,Unknown Author,N/A,Positive,"The location was great, close to Taksim center and to airport bus. The staff was very welcoming and helpful."
Lamartine Hotel,LAM_P2_R13,Unknown Author,N/A,Negative,The cooling A/C not working during these days….it can be only heating as it is central.
Lamartine Hotel,LAM_P2_R14,Unknown Author,N/A,Positive,Nice clean and in a good location.
Lamartine Hotel,LAM_P2_R15,Unknown Author,N/A,Positive,Perfect location in a quiet neighborhood. Very nice and helpful staff. Will definitely come back again.
Lamartine Hotel,LAM_P2_R16,Unknown Author,N/A,Positive,Location
Lamartine Hotel,LAM_P2_R16,Unknown Author,N/A,Negative,The breakfast
Lamartine Hotel,LAM_P2_R17,Unknown Author,N/A,Positive,"The hotel was very clean, the staff were friendly, and the location was perfect . I highly recommend to anyone visiting"
Lamartine Hotel,LAM_P2_R17,Unknown Author,N/A,Negative,I was a bit disappointed with the breakfast; the quality could have been better
Lamartine Hotel,LAM_P2_R18,Unknown Author,N/A,Positive,"Nice interior, new and clean 
Very polite personnel 
Close to taksim"
Lamartine Hotel,LAM_P2_R18,Unknown Author,N/A,Negative,"The room was hot on the last day of our stay, seems like AC was heating and not cooling, but we were about to check out already, so it didn’t affect our stay"
Lamartine Hotel,LAM_P2_R19,Unknown Author,N/A,Positive,Very good location and modern décoration in restaurant and réception
Lamartine Hotel,LAM_P2_R20,Unknown Author,N/A,Positive,"Clean room, excellent service, very good breakfast, frendly staff…"
Lamartine Hotel,LAM_P2_R20,Unknown Author,N/A,Negative,"Maybe just to improve sound isolation (windows) on street side, taxi drivers frequently use horn to communicate, no matter of time of the day/night!🙄"
Lamartine Hotel,LAM_P2_R21,Unknown Author,N/A,Positive,Staff is very cooperative and helpfull. Breakfast is more than enough
Lamartine Hotel,LAM_P2_R22,Unknown Author,N/A,Positive,"- Very clean and spacious room (we were in a Superior King Room). Newly renovated
- Very polite and helpful staffs in all areas
- Excellent central location close to a lot of attractions and public transportation"
Lamartine Hotel,LAM_P2_R22,Unknown Author,N/A,Negative,"- It is a bit noisy at night from the street as the location is in the heart of city, but ok for us
- Breakfast could be better but still very good"
Lamartine Hotel,LAM_P2_R23,Unknown Author,N/A,Positive,Great location and staff
Lamartine Hotel,LAM_P2_R23,Unknown Author,N/A,Negative,The heating was central and the room was very hot. When we told the reception he told us to turn it off and open the window 😄 but it was noisy so we had to shut it. Very cold outside and hot in the room.
Lamartine Hotel,LAM_P2_R24,Unknown Author,N/A,Positive,Location is perfect
Lamartine Hotel,LAM_P2_R24,Unknown Author,N/A,Negative,Everithing
Lamartine Hotel,LAM_P2_R25,Unknown Author,N/A,Positive,The design of the rooms
Lamartine Hotel,LAM_P3_R1,Unknown Author,N/A,Positive,New clean modern
Lamartine Hotel,LAM_P3_R1,Unknown Author,N/A,Negative,Coffee at breakfast
Lamartine Hotel,LAM_P3_R2,Unknown Author,N/A,Positive,"The Hotel is very clean, well organized and have the best staffs ❤️"
Lamartine Hotel,LAM_P3_R2,Unknown Author,N/A,Negative,Cant think of anything
Lamartine Hotel,LAM_P3_R3,Unknown Author,N/A,Positive,Staff were very friendly and helpful even with the language barrier
Lamartine Hotel,LAM_P3_R3,Unknown Author,N/A,Negative,Very central and the staff helped me out immensely
Lamartine Hotel,LAM_P3_R4,Unknown Author,N/A,Positive,"This has been an exceptional stay at the Lamartine Hotel. I enjoyed my stay. Rooms are very clean, staff is exceptionally polite and helpful. Location is superb right in the heart of Taxim square from which you can reach almost everywhere in Istanbul. Close to many shops and restaurants."
Lamartine Hotel,LAM_P3_R4,Unknown Author,N/A,Negative,Breakfast could be slightly improved
Lamartine Hotel,LAM_P3_R5,Unknown Author,N/A,Positive,"The breakfast was okay, but a little basic the location was superb"
Lamartine Hotel,LAM_P3_R5,Unknown Author,N/A,Negative,Everything went well we were happy
Lamartine Hotel,LAM_P3_R6,Unknown Author,N/A,Positive,"Location is good, nearby Taksim Square.. Staff were friendly and helpful."
Lamartine Hotel,LAM_P3_R6,Unknown Author,N/A,Negative,"I was given a room in the second floor at first which wasn’t at all convenient because of the noise and the cigarette smell coming from outside. I asked the receptionist to change the room and he gave me one in the eight floor, which was quite better.. So if you are staying in this hotel, avoid rooms in first or second floor.
Breakfast wasn’t as expected due to the poor selections..
The hotel doesn’t have a gym or a swimming pool."
 The Marmara Pera, TH_P1_R1,Unknown Author,N/A,Positive,"The beds were comfortable. The location is very good. 
Some of the staff were very friendly.
Generally quite good but expected more."
 The Marmara Pera, TH_P1_R1,Unknown Author,N/A,Negative,"Some staff seemed less than welcoming and sometimes there was great difficulty communicating in English.
They have an automated comunication channel on WhatsApp, but no one is manning it so it is useless... 
AC wasn´t working properly and remained so during our stay despite our complaints."
 The Marmara Pera, TH_P1_R2,Unknown Author,N/A,Positive,Location and price
 The Marmara Pera, TH_P1_R3,Unknown Author,N/A,Positive,"The location ist just great and the view from the rooms at the upper floors is amazing. To the city as well as to Bosporus river. 90 % of the team is very friendly and helpful, especially at the reception and room service. Towel change every day, bathroom amenities, fresh water (2 bottles per day) and some sweets at the first day. The beds are comfortable and there‘s a chance to open the windows. The breakfast buffet is also great and you get everything you want."
 The Marmara Pera, TH_P1_R3,Unknown Author,N/A,Negative,The rooms are not the newest anymore and could need a little renovation (but everything is super clean). The staff at the breakfast is a little stressed and not really very friendly.
 The Marmara Pera, TH_P1_R4,Unknown Author,N/A,Positive,The location and the room view
 The Marmara Pera, TH_P1_R4,Unknown Author,N/A,Negative,All perfect
 The Marmara Pera, TH_P1_R5,Unknown Author,N/A,Positive,"Good location, very clean, comfortable bed, friendly staff"
 The Marmara Pera, TH_P1_R6,Unknown Author,N/A,Positive,Good location good room size clean room good breakfast but small lobby small bathroom small closet
 The Marmara Pera, TH_P1_R7,Unknown Author,N/A,Positive,The location is amazing and very central. But the rooms are a bit small.
 The Marmara Pera, TH_P1_R8,Unknown Author,N/A,Positive,"Location
Clean and comfortable 
Excellent breakfast
Nice view from the 14th floor"
 The Marmara Pera, TH_P1_R8,Unknown Author,N/A,Negative,"At around 1 am the first night there was a sound of something being fixed somewhere in the next room, that sound woke me up. It was heard 4 times.
Housekeeper of the 14th floor was knocking on doors at 8 am to clean the rooms!! And when we told him that we’re still sleeping he started talking and nagging as if we were making him late."
 The Marmara Pera, TH_P1_R9,Unknown Author,N/A,Positive,"Every thing actually, the location is great very near to isteklal street and metro station, you can walk to Galata tower, Taksim square and even to eminono 
The room was really comfort quiet, the view was nice, the staff was helpful and kind , the breakfast was nice 
Highly recommended"
 The Marmara Pera, TH_P1_R9,Unknown Author,N/A,Negative,"Just for improvement 
The bread in the breakfast and simit need to be more fresh 🙂🙂"
 The Marmara Pera, TH_P1_R10,Unknown Author,N/A,Positive,View is amazing
 The Marmara Pera, TH_P1_R10,Unknown Author,N/A,Negative,Food and drinks are crazy expensive
 The Marmara Pera, TH_P1_R11,Unknown Author,N/A,Positive,Location is really good. The service room was fast and  good as well. The view from the yet terrace is beautiful.
 The Marmara Pera, TH_P1_R11,Unknown Author,N/A,Negative,"Our first room was outdated, the bathroom was in poor condition, and it was very noisy. On Sunday morning around 8:00 am, after a long trip and arriving in the middle of the night, the cleaning staff (Leidy) opened our room without knocking. Shortly after, she had a very loud phone conversation in the hallway, and I had to go out and ask her to lower her voice.
The next morning, we were ready to leave the hotel, but they offered us a room on the Pera Special Floor. Unfortunately, we were not lucky again. The room was acceptable, but on Monday morning the restaurant upstairs began its early cleaning. The constant dragging of chairs and moving of furniture made it impossible to rest — it was a nightmare."
 The Marmara Pera, TH_P1_R12,Unknown Author,N/A,Positive,"The view from the suite was stunning. 
The location is very good, many nice restaurants around. And Taksim shopping and bars are just around the corner."
 The Marmara Pera, TH_P1_R12,Unknown Author,N/A,Negative,"The breakfast can be more various. 
Most of the staff hardly smile, only 1 bellboy were very nice. 
Really small details need some attention such as lights, there are  not enough lightning in the room.
Not ideal for those who need to work in the room.
No toilet brush, need more cleaning details (marmalade on tv table), no hanger to put used towels. 
The music from the rooftop were so loud, we can hear it from our room which was hard for the little one to go to sleep."
 The Marmara Pera, TH_P1_R13,Unknown Author,N/A,Positive,"Staff is very friendly. Special thanks to
Atila who made our room always very clean.
The rooftop has stunning views!
We enjoyed the nice Jazz concert at Pera 77, highly recommend you to see it"
 The Marmara Pera, TH_P1_R13,Unknown Author,N/A,Negative,"Water pressure a bit low 
Curtain does not cover enough the sun"
 The Marmara Pera, TH_P1_R14,Unknown Author,N/A,Positive,Location and good breakfast
 The Marmara Pera, TH_P1_R14,Unknown Author,N/A,Negative,Location and helpful friendly staffs. Special mention to Hubra of reception for accommodating us early.
 The Marmara Pera, TH_P1_R15,Unknown Author,N/A,Positive,The pool and the view
 The Marmara Pera, TH_P1_R15,Unknown Author,N/A,Negative,Bathroom and shower both too small in size
 The Marmara Pera, TH_P1_R16,Unknown Author,N/A,Positive,Great location and clean and reliable
 The Marmara Pera, TH_P1_R16,Unknown Author,N/A,Negative,Our room window (not much of a view) was super dirty from the outside.
 The Marmara Pera, TH_P1_R17,Unknown Author,N/A,Positive,The view is exceptional! The location fantastic! Our room was very comfortable and clean and quiet. The night roof top bar is amazing but not operated by the hotel. During the day the hotel operate a small pool bar with very limited options for a snack.
 The Marmara Pera, TH_P1_R18,Unknown Author,N/A,Positive,Location and staff
 The Marmara Pera, TH_P1_R19,Unknown Author,N/A,Positive,Location and staff
 The Marmara Pera, TH_P1_R19,Unknown Author,N/A,Negative,Noise at night
 The Marmara Pera, TH_P1_R20,Unknown Author,N/A,Positive,"I like the location very much and each time I come to Istanbul I stay in this hotel. The rooms view to the city and the sea both are amazing.
Very enjoyable breakfast is available."
 The Marmara Pera, TH_P1_R20,Unknown Author,N/A,Negative,"The only issue I had this time that there is a person in the reception who is not as friendly and supportive as a receptionist should be in a tourist city. I think his name is Yasin. 
I asked him to help me for a location I had to see a bank with a baby in my arm and he let me know that if I take a taxi from him, he knows the address otherwise NO IDEA ABOUT THE LOCATION. 
Anyway I managed it by myself through internet but it was a very disgusting behavior just for a few Lira more."
 The Marmara Pera, TH_P1_R21,Unknown Author,N/A,Positive,Excellent location. Great views from the room (15th floor). Excellent breakfast.
 The Marmara Pera, TH_P1_R21,Unknown Author,N/A,Negative,Slight stench from the sewer in the bathroom.
 The Marmara Pera, TH_P1_R22,Unknown Author,N/A,Positive,Behavior
 The Marmara Pera, TH_P1_R23,Unknown Author,N/A,Positive,Location. The lobby staff always very helpful and pleasant.
 The Marmara Pera, TH_P1_R23,Unknown Author,N/A,Negative,No complaints of hotel. Be aware IST taxi does not shortchange you. Suggest paying by credit card despite surcharge.
 The Marmara Pera, TH_P1_R24,Unknown Author,N/A,Positive,Location
 The Marmara Pera, TH_P2_R1,Unknown Author,N/A,Positive,"Great location, close to public transportation, restaurants, bars and shopping. There is a great rooftop bar with amazing views of the city."
 The Marmara Pera, TH_P2_R2,Unknown Author,N/A,Positive,"Convenient location, good facilities and amenities. The most important is the people who are work at this hotel, friendly , helpful,  kind and always willing to make your stay easy and comfortable. Especially, receptionist Mochamet"
 The Marmara Pera, TH_P2_R3,Unknown Author,N/A,Positive,"Everything good, perfect location, clean hotel, easy to find"
 The Marmara Pera, TH_P2_R3,Unknown Author,N/A,Negative,Noise at night from the street & night clubs
 The Marmara Pera, TH_P2_R4,Unknown Author,N/A,Positive,Kind
 The Marmara Pera, TH_P2_R5,Unknown Author,N/A,Positive,"The staff is great, specially at the reception and the restaurant. The breakfast was excellent and the view from the room was superb! Sincere thanks!"
 The Marmara Pera, TH_P2_R5,Unknown Author,N/A,Negative,NA
 The Marmara Pera, TH_P2_R6,Unknown Author,N/A,Positive,"Very well located, great views, pool on the roof. Breakfast very good."
 The Marmara Pera, TH_P2_R6,Unknown Author,N/A,Negative,Rooms are a bit small. And little dated
 The Marmara Pera, TH_P2_R7,Unknown Author,N/A,Positive,"I had a wonderful stay at The Marmara Pera Hotel! The location is fantastic—perfect for exploring Istanbul. The hotel is clean, the breakfast is delicious, and the staff is exceptional. Special thanks to Ms. Fikriya and Irem for their excellent service and warm hospitality. Everything was great, and I highly recommend this hotel!"
 The Marmara Pera, TH_P2_R8,Unknown Author,N/A,Positive,Great place and comfortable
 The Marmara Pera, TH_P2_R8,Unknown Author,N/A,Negative,Loud music outside every night but I don’t think from the hotel
 The Marmara Pera, TH_P2_R9,Unknown Author,N/A,Positive,Great location and view from the room. Staff was very helpful.
 The Marmara Pera, TH_P2_R10,Unknown Author,N/A,Positive,Location near to iskrilal street.
 The Marmara Pera, TH_P2_R10,Unknown Author,N/A,Negative,Rooms really small as per price.
 The Marmara Pera, TH_P2_R11,Unknown Author,N/A,Positive,Location and cleanliness
 The Marmara Pera, TH_P2_R12,Unknown Author,N/A,Positive,Location
 The Marmara Pera, TH_P2_R12,Unknown Author,N/A,Negative,Accommodating my request for non smoking room in higher floors
 The Marmara Pera, TH_P2_R13,Unknown Author,N/A,Positive,"Great location and walking distance to some of the main areas, the breakfast buffet was delicious, the room was clean and comfortable"
 The Marmara Pera, TH_P2_R13,Unknown Author,N/A,Negative,The pool closed early (5:30pm) we were looking forward to going into the pool after a long day of sightseeing in the heat. The pool was also a lot smaller than I had expected.
 The Marmara Pera, TH_P2_R14,Unknown Author,N/A,Positive,"The staff were pleasant on the most part. We were in a room on 16th floor and the view was amazing as there was a huge window for a view of the city. The room was spacious enough and had the basic facilities we needed. Rooftop bar was nice, but was small and quite busy."
 The Marmara Pera, TH_P2_R14,Unknown Author,N/A,Negative,"When the air con was switched on it smelt like cigarettes in our room. This was particularly noticeable in the evening. We asked at reception about this and they told us someone must be smoking in another room and all we could do is open a window. It was irritating for us as we don’t smoke and there were signs everywhere stating it was a no smoking room/ floor. The shower basin was shallow and filled up too quickly so had to be turned off mid shower to allow it to drain. The room service staff were very friendly but knocked before 9am each day to turn down the room. We asked for it to be carried out later in the day, but when we returned on one occasion the toilet roll had not been replaced so we ran out. The gym area was poor- small disused windowless basement. Worst gym my husband has ever used anywhere. Very old equipment, which did not work well."
 The Marmara Pera, TH_P2_R15,Unknown Author,N/A,Negative,The pool on the photos is much more promising. The first impressiona at the reception desk wasnt that nice.
 The Marmara Pera, TH_P2_R16,Unknown Author,N/A,Positive,"Stunning views, spotlessly clean, really lovely Turkish breakfast."
 The Marmara Pera, TH_P2_R16,Unknown Author,N/A,Negative,No clean towels at the pool. Corridors have a stale smell (not in the rooms though).
 The Marmara Pera, TH_P2_R17,Unknown Author,N/A,Positive,Very good location close to Galata Tower and shopping streets. Lots of food options near by.
 The Marmara Pera, TH_P2_R17,Unknown Author,N/A,Negative,Pool closes at 6pm but we were not informed of this. Some street noise but no real bother
 The Marmara Pera, TH_P2_R18,Unknown Author,N/A,Positive,👍
 The Marmara Pera, TH_P2_R18,Unknown Author,N/A,Negative,👍
 The Marmara Pera, TH_P2_R19,Unknown Author,N/A,Positive,"Great breakfast, better than any buffer I've had in the U.S.
Location was fine for us, walkable neighborhood."
 The Marmara Pera, TH_P2_R20,Unknown Author,N/A,Positive,Central location right off istiklal and in lovely pera. View from the rooftop pool is WONDERFUL!  Special thanks to RAMAZAN in front office!
 The Marmara Pera, TH_P2_R21,Unknown Author,N/A,Positive,I loved the rooftop bar. Amazing views!
 The Marmara Pera, TH_P2_R21,Unknown Author,N/A,Negative,The room was a bit outdated. It needs to be revamped and it is a bit small
 The Marmara Pera, TH_P2_R22,Unknown Author,N/A,Positive,location was great- walking distance to Istiklal Street and Taksim. room was great size. got disappointed with the bathroom as it's design was not the one in the photos of the property. and we had the city view which was alright.
 The Marmara Pera, TH_P2_R22,Unknown Author,N/A,Negative,the bathroom which was not in none of the photos of the hotel. we thought it is modern based on the photos but had violet tiles which looked dated.
 The Marmara Pera, TH_P2_R23,Unknown Author,N/A,Positive,Love the location of this property.  So convenient to Istiklal and Galata.  Easy to walk to Karikoy too and over the bridge.   Great views. Rooftop is nice.
 The Marmara Pera, TH_P2_R23,Unknown Author,N/A,Negative,"It’s a perfectly fine hotel, but it’s a bit dated. Carpeted rooms, small bathrooms with shower of tub situation, lowing ceilings.  But I’m very tall and it is still a great property and incredible value."
 The Marmara Pera, TH_P2_R24,Unknown Author,N/A,Positive,"The location and room view and breakfast.
I would like to extend my heartfelt thanks to Mr. Mohammed for the warm welcome and professional service I received during my stay at your hotel. His attentiveness and dedication to ensuring a comfortable and enjoyable experience truly stood out and made my visit memorable.
Thank you, Mr. Mohammed, for your outstanding hospitality."
 The Marmara Pera, TH_P2_R24,Unknown Author,N/A,Negative,The gym is small.
 The Marmara Pera, TH_P2_R25,Unknown Author,N/A,Positive,"View , Service, Comfort"
 The Marmara Pera, TH_P2_R25,Unknown Author,N/A,Negative,Sea facing view was great but the noise from clubs around could be heard in the night even when the windows were tightly closed
 The Marmara Pera, TH_P3_R1,Unknown Author,N/A,Positive,Central place in the hart of the center close to public transport
 The Marmara Pera, TH_P3_R1,Unknown Author,N/A,Negative,"Rooftop terras not able to visit, closed because i can start to rain while it didnt rain at all"
 The Marmara Pera, TH_P3_R2,Unknown Author,N/A,Positive,The breakfast was excellent and so was the location
 The Marmara Pera, TH_P3_R3,Unknown Author,N/A,Positive,"Big and comfortable bedroom, friendly staff"
 The Marmara Pera, TH_P3_R3,Unknown Author,N/A,Negative,"Pool a bit small; too noisy at night, bathroom a bit old fashion and bathtube was too small"
 The Marmara Pera, TH_P3_R4,Unknown Author,N/A,Positive,"The rooftop terrace
Professional staff
Breakfast"
 The Marmara Pera, TH_P3_R4,Unknown Author,N/A,Negative,"The pool area wasn't very inviting to spend time. We actually booked it for that.
The rooms need renovation."
 The Marmara Pera, TH_P3_R5,Unknown Author,N/A,Positive,"Great location, great service, great staff. beautiful hotel. Amazing rooftop sunset bar and rooftop pool. Beautiful restaurant (Mikla my fav!)."
 The Marmara Pera, TH_P3_R5,Unknown Author,N/A,Negative,The only thing is the building is a bit old. It would be so much better if they renovated the bathrooms.
 The Marmara Pera, TH_P3_R6,Unknown Author,N/A,Positive,"We reserved our room on reference from friend and we were happy that we followed his advise. Hotel is minutes away from Istiklal and tower of Galatas. Very nice rooftop bar, must go there for the night view"
 The Marmara Pera, TH_P3_R6,Unknown Author,N/A,Negative,Was a bit noisy from neighbouring bars
 The Marmara Pera, TH_P3_R7,Unknown Author,N/A,Positive,"Perfect location, great staff and breath taking view 👌"
 The Marmara Pera, TH_P3_R8,Unknown Author,N/A,Positive,"The location, the breakfast, the comfort."
 The Marmara Pera, TH_P3_R8,Unknown Author,N/A,Negative,Requested a taxi to the airport and it was a ridiculously high price.
 The Marmara Pera, TH_P3_R9,Unknown Author,N/A,Positive,Excellent location really near to taksim square and amazing room view.
 The Marmara Pera, TH_P3_R10,Unknown Author,N/A,Positive,Fantastic
 The Marmara Pera, TH_P3_R10,Unknown Author,N/A,Negative,Location and Views
 The Marmara Pera, TH_P3_R11,Unknown Author,N/A,Positive,Location is very close to taksim Square
 The Marmara Pera, TH_P3_R11,Unknown Author,N/A,Negative,Unclean bathrooms
 The Marmara Pera, TH_P3_R12,Unknown Author,N/A,Positive,Top location ! Beautiful views out from room & at the rooftop by day & night ! Great breakfast ! Good service !
 The Marmara Pera, TH_P3_R13,Unknown Author,N/A,Positive,"The staff was very nice, especially Karam who was very helpful."
 The Marmara Pera, TH_P3_R13,Unknown Author,N/A,Negative,Kinda expensive
 The Marmara Pera, TH_P3_R14,Unknown Author,N/A,Positive,Modern
 The Marmara Pera, TH_P3_R14,Unknown Author,N/A,Negative,Nil
 The Marmara Pera, TH_P3_R15,Unknown Author,N/A,Negative,"1) They didn’t change the sheets even when we put the paper on bed (the paper we put on bed in case we need to change the sheets)
2) The breakfast would be better if it included more types of cheese"
 The Marmara Pera, TH_P3_R16,Unknown Author,N/A,Positive,"Location, amazing breakfast ❤️"
 The Marmara Pera, TH_P3_R16,Unknown Author,N/A,Negative,"Bad view, paid for 3 persons, had everything for 2 persons only, changed the room and there even wasn’t a bed for 3rd person, awful swimming pool area, dirty pool."
 The Marmara Pera, TH_P3_R17,Unknown Author,N/A,Positive,"Extraordinary views from the rooftop, which has a great pool and in the evenings a spectacular but expensive bar."
 The Marmara Pera, TH_P3_R17,Unknown Author,N/A,Negative,Daytime food so-so
 The Marmara Pera, TH_P3_R18,Unknown Author,N/A,Positive,"Loved the room, the view, the breakfast, the location, and the air conditioning. The rooftop view and pool was also really nice. Overall a great stay in Istanbul."
 The Marmara Pera, TH_P3_R18,Unknown Author,N/A,Negative,"I was confused by the cost of breakfast. Originally the staff said it would be cheaper if I paid ahead of time, but it was actually less expensive than their quoted rate when I bought it that morning. Either way it was delicious and affordable! They also called me a taxi that completely overcharged me for going to the airport. If I knew that was going to happen, I would have called my own Uber or Bitaksi. I wouldn't trust the taxis next to the hotel."
 The Marmara Pera, TH_P3_R19,Unknown Author,N/A,Positive,It’s good regarding the view
 The Marmara Pera, TH_P3_R19,Unknown Author,N/A,Negative,It’s little bit outdated
 The Marmara Pera, TH_P3_R20,Unknown Author,N/A,Positive,Great location
 The Marmara Pera, TH_P3_R20,Unknown Author,N/A,Negative,Pool could be open later
 The Marmara Pera, TH_P3_R21,Unknown Author,N/A,Negative,House keeping came at 9am every morning
 The Marmara Pera, TH_P3_R22,Unknown Author,N/A,Positive,"Location, services, swimming pool, cleannes."
 The Marmara Pera, TH_P3_R22,Unknown Author,N/A,Negative,"When I tried to extend my accomodation they asked for more money, so we moved to another hotel."
 The Marmara Pera, TH_P3_R23,Unknown Author,N/A,Positive,"The service of the receptionist Muhammet. He made us feel welcomed and was throughout our whole stay, very friendly and accommodating! He took good care uf us."
 The Marmara Pera, TH_P3_R23,Unknown Author,N/A,Negative,"The bathrooms need some renovations because there were some things broken. In the 1 room the shower handle was leaking water, luckly were able to change room. But then in the second room the handle of the shower was broken."
 The Marmara Pera, TH_P3_R24,Unknown Author,N/A,Positive,The location was very close to a lot of restaurants and the cityview is beautiful. There was a big breakfast option
 The Marmara Pera, TH_P3_R24,Unknown Author,N/A,Negative,The broken shower head but luckly got to change room but also in that was an issue with the shower. Some stuff are very judgy even though its a international hotel.
 The Marmara Pera, TH_P3_R25,Unknown Author,N/A,Positive,location!!! rooftop bar!!!
 The Marmara Pera, TH_P3_R25,Unknown Author,N/A,Negative,"needs updating a bit, but still a great hotel for a base in Istanbul"
 The Marmara Pera, TH_P4_R1,Unknown Author,N/A,Positive,"We had a very pleasant stay at this hotel! The staff were always friendly and helpful, and the room was clean and comfortable. The location is great, very nice view and the breakfast offered a nice variety.
Overall, it was a very good experience, and I would be happy to stay here again."
 The Marmara Pera, TH_P4_R1,Unknown Author,N/A,Negative,"The only small suggestion would be to modernize the bathroom, as it felt a little outdated and the toilet water system and flush toilet did not always work properly."
 The Marmara Pera, TH_P4_R2,Unknown Author,N/A,Positive,Brilliant location
 The Marmara Pera, TH_P4_R2,Unknown Author,N/A,Negative,Rooms dated
 The Marmara Pera, TH_P4_R3,Unknown Author,N/A,Positive,"Location close to landmarks , Asian side and restaurants and main European side high street"
 The Marmara Pera, TH_P4_R3,Unknown Author,N/A,Negative,"Nightclub blaring music until early morning hours every night waking you up or making it impossible to get to sleep
Really old decor - worn out. Particularly poor in bathroom - dirty old looking grouting and ceramics . Never seen an en-suite SOOOO small - you couldn’t fit in there if bigger than 80 kilos 
Staff really variable . The manager on reception was so welcoming and grumpy - same checked us out and not any niceties or have a safe journey . The trainees and juniors made a real effort and breakfast staff were lovely."
 The Marmara Pera, TH_P4_R4,Unknown Author,N/A,Positive,Everything the stuff and the swimming pool the bar the gym restaurant all was amazing
 The Marmara Pera, TH_P4_R4,Unknown Author,N/A,Negative,N/A
 The Marmara Pera, TH_P4_R5,Unknown Author,N/A,Positive,"View, cleaning, breakfast"
 The Marmara Pera, TH_P4_R6,Unknown Author,N/A,Positive,The view was amazing and also the food was delicious.
 The Marmara Pera, TH_P4_R7,Unknown Author,N/A,Positive,Ac not workin so slow
 The Marmara Pera, TH_P4_R7,Unknown Author,N/A,Negative,Ac
 The Marmara Pera, TH_P4_R8,Unknown Author,N/A,Positive,Amazing
 The Marmara Pera, TH_P4_R9,Unknown Author,N/A,Positive,"Great Location
The location of the hotel was excellent – very central and close to many popular tourist attractions. It’s just a short walk to Istiklal Street, which offers plenty of shopping and a lively atmosphere. The Beyoğlu district is charming, and Galata and other interesting areas are also nearby. Taksim Square is only about a 10-minute walk away."
 The Marmara Pera, TH_P4_R9,Unknown Author,N/A,Negative,"the service at the hotel was disappointing. The staff were not helpful or friendly, and the beds were extremely hard and uncomfortable. We were also very disappointed with the rooftop pool. The pool itself was quite small, and there were very few sun loungers available. Many guests would leave their towels or personal items – like shoes or bags – on the chairs for hours without actually using them. As a result, it was nearly impossible to find a free lounger. Even though we stayed for nine days, we were never able to find a spot to relax by the pool."
 The Marmara Pera, TH_P4_R10,Unknown Author,N/A,Positive,"Fantastic facilities, great location, friendly staff, breathtaking views to the city."
 The Marmara Pera, TH_P4_R10,Unknown Author,N/A,Negative,That my girl did not join !
 The Marmara Pera, TH_P4_R11,Unknown Author,N/A,Positive,The location of this property is fantastic and the city view are wonderful
 The Marmara Pera, TH_P4_R11,Unknown Author,N/A,Negative,"The rooms are badly designed when you have a child with you - they shouldn’t offer it as an option. To have the bed blocking the wardrobe & stuff the side tables under the desk as a solution to fitting everything in is pretty silly.
The pool is freezing (even on a 30 degree day it’s too cold).
The info about the hotel is confusing, everyone tells you different opening & closing times for the breakfast/pool etc.
The gym is basic even for a small hotel gym."
 The Marmara Pera, TH_P4_R12,Unknown Author,N/A,Positive,"The Suite, the incredible view"
 The Marmara Pera, TH_P4_R13,Unknown Author,N/A,Positive,The view is amazing . Loved everything about the suite.
 The Marmara Pera, TH_P4_R14,Unknown Author,N/A,Positive,"The hotel is in a great location for sight seeing.
The hotel staff were amazing they couldn’t do enough for us.
Excellent room and really comfortable bed. Would 100% recommend staying there."
 The Marmara Pera, TH_P4_R14,Unknown Author,N/A,Negative,"Good location near Gala-tower.
Clean comfortable room.
Great rooftop bar and restaurant.
Staff bent over backwards for us.
Excellent value for a city centre."
 The Marmara Pera, TH_P4_R15,Unknown Author,N/A,Positive,It was in a central location and near lots of good restaurants
 The Marmara Pera, TH_P4_R15,Unknown Author,N/A,Negative,"It was very basic and tired in decor for the price. 
The room stank of cigarettes"
 The Marmara Pera, TH_P4_R16,Unknown Author,N/A,Positive,Breakfast was ok and the location.
 The Marmara Pera, TH_P4_R16,Unknown Author,N/A,Negative,We HD a terrible problema with our room and they did not give us a solution. Since the beginning the bathroom smell was awful and it got into the room. They did not solve it neither change us to another room. The staff was disrespectful  and not helpful
 The Marmara Pera, TH_P4_R17,Unknown Author,N/A,Positive,"Good location. Good views. Staff service was uneven, with the exception of the reservations team. They were great."
 The Marmara Pera, TH_P4_R17,Unknown Author,N/A,Negative,Hotel is not top notch. A bit old. Gets loud on weekends/holidays. No fitness center. It’s just a small crammed room with some basic cardio machines and dumbbells.
 The Marmara Pera, TH_P4_R18,Unknown Author,N/A,Positive,It needs to be refurbished from top to bottom
 The Marmara Pera, TH_P4_R19,Unknown Author,N/A,Positive,"Loved staying at this hotel - it is welcoming , clean and perfectly located. I will certainly return to stay here when I visit Istanbul next"
 The Marmara Pera, TH_P4_R20,Unknown Author,N/A,Positive,The staff was amazing. I kindly asked them for a room with a good view and they gave me an amazing room. I could not imagine a better one.
 The Marmara Pera, TH_P4_R20,Unknown Author,N/A,Negative,The view was amazing and it was in a very good location. also the staff was very nice to us.
 The Marmara Pera, TH_P4_R21,Unknown Author,N/A,Negative,"They accused us of breaking something in the room, but it turned out that we didn’t."
 The Marmara Pera, TH_P4_R22,Unknown Author,N/A,Positive,Everything was perfect!
 The Marmara Pera, TH_P4_R22,Unknown Author,N/A,Negative,There wasn't brush for the toilet in the bathroom haha.
 The Marmara Pera, TH_P4_R23,Unknown Author,N/A,Positive,Property looks nice but it’s in a populated area . Heard music all night loud . And if you coming in the winter and like to sleep cool recommend to pick another hotel . They can only do heat in winter and cold on summer
 The Marmara Pera, TH_P4_R23,Unknown Author,N/A,Negative,Loud at night time and can smell a lot of cigarettes smoke
 The Marmara Pera, TH_P4_R24,Unknown Author,N/A,Positive,Beautiful hotel with exceptional views. The staff were incredibly helpful and the Jazz club was really good. Next visit I want to get as far as the restaurant. Their Hamman was newly renovated and having a car to take me and bring me back allowed me to really relax and enjoy every moment.
 The Marmara Pera, TH_P4_R24,Unknown Author,N/A,Negative,"I would like to return when the pool is open, I would love to see the view from there"
 The Marmara Pera, TH_P4_R25,Unknown Author,N/A,Positive,Everything
 The Marmara Pera, TH_P4_R25,Unknown Author,N/A,Negative,Bathtub the water was floating
 The Marmara Pera, TH_P5_R1,Unknown Author,N/A,Positive,The area
 The Marmara Pera, TH_P5_R1,Unknown Author,N/A,Negative,"Staff very rude no one helped me with the luggage although I am pregnant with 2 children, breakfast real bad with limited variety"
 The Marmara Pera, TH_P5_R2,Unknown Author,N/A,Positive,Amazing placd
 The Marmara Pera, TH_P5_R3,Unknown Author,N/A,Positive,The location is great but the concierge misguided and sent us on a 400 lira trip to a bazaar which was closed even though we asked 3 times is it going to be open even though it was the 3rd day of the religious holiday. They said yes yes we checked its open
 The Marmara Pera, TH_P5_R3,Unknown Author,N/A,Negative,"No one understands English. U call the reception for basic things they tell u come and talk to us downstairs in person. 
The bell boy was extremely rude when asking him a simple question on who will open the safe
The rooms were never cleaned, the curtains falling off the hooks when u try to close them
 The house cleaning staff left 3 dusting clothes in the room 
The bedsheets were dirty had to ask them to change them even then she tried to put the same ones on the bed had to get the room cleaned while standing there
Will never recommend to anyone it is not worth the money Donzetti Plazzo and Rixos Pera are way better options than this hotel"
 The Marmara Pera, TH_P5_R4,Unknown Author,N/A,Positive,Great hotel
 The Marmara Pera, TH_P5_R5,Unknown Author,N/A,Positive,"Breakfast was great, staff were super helpful and courteous. Their shampoo and conditioner were of great quality and we enjoyed a wonderful sea / city view. Banging sunsets on the rooftop. Cool cocktail menu too."
 The Marmara Pera, TH_P5_R5,Unknown Author,N/A,Negative,"TV didn't really work and very grainy. Could do with a TV upgrade. Everything on the TV looked like it was from the 90s but it was from the present day!
The gym was a bit sad."
 The Marmara Pera, TH_P5_R6,Unknown Author,N/A,Positive,"Room, Location, view, staff and jazz was amazing."
 The Marmara Pera, TH_P5_R6,Unknown Author,N/A,Negative,Cost of stay is bit high
 The Marmara Pera, TH_P5_R7,Unknown Author,N/A,Positive,"Perfect hotel for its money. Very good location close to Istiklal street and other sightseeings. Wonderful breakfast. Very helpful staff. Especially would like to point out Okan bey from reception, who did his best to help me during my stay. Also would like to mention live music on saturday night in the lobby restaurant. Very good quality brazilian bosanova!"
 The Marmara Pera, TH_P5_R8,Unknown Author,N/A,Positive,The view from the window
 The Marmara Pera, TH_P5_R8,Unknown Author,N/A,Negative,Cleaning staff Sunday morning chatting in front of the door so we had to wake up. The room had a bad smell coming from the toilet
 The Marmara Pera, TH_P5_R9,Unknown Author,N/A,Positive,Location
 The Marmara Pera, TH_P5_R9,Unknown Author,N/A,Negative,Rooms size
 The Marmara Pera, TH_P5_R10,Unknown Author,N/A,Positive,The location of the hotel is perfect! The team is so lovely and supportive! The room was super clean. Everything was really perfect.
 The Marmara Pera, TH_P5_R10,Unknown Author,N/A,Negative,Nothing at all!! Everything was really perfect!!
 The Marmara Pera, TH_P5_R11,Unknown Author,N/A,Positive,JUST THE LOCATION WAS AND AND ROOM WAS CLEAN.
 The Marmara Pera, TH_P5_R11,Unknown Author,N/A,Negative,The price first they charge as per booking.com then after check out they charged extra money £78. Without letting us know. They make you fool inside room there is a refrigerator and the stuff was there and if you use that is totally extra charge its was not included in the description. This is unfair.
 The Marmara Pera, TH_P5_R12,Unknown Author,N/A,Positive,"In general I was left satisfied with the hotel and what it had to offer. Location wise is very handy since it is close to lots of amenities and the market and therefore you are 5 minutes away from everything, Would definitely pick again a room on a high floor with a sea view so that you can enjoy the panoramic view."
 The Marmara Pera, TH_P5_R12,Unknown Author,N/A,Negative,"There is a reason I haven't graded very highly 3 categories a) staff, b) cleanliness and c) value for money.
A) Staff: Everyone was really accommodating and helpful and had not problem whatsoever, However, there is one lady cook in the breakfast area who really needs to attend Charm school and take some classes.....Apart from the fact that you could easily see that she doesn't like her job at all (!) she also made some comments in turkish on a couple of questions I made..... this is definitely not appropriate and hopefully someone from the hotel attends this issue (I wasn't the only one who witnessed here 'bitter' looks while she was serving people), I can offer more info to the hotel in case they need some in terms of what dates she was working at the kitchen so that it is easier for them to have a word with her. 
B) Cleanliness: For some reason the room's cleanliness was differing from day to day in terms that although they were always changing towels, sheets, etc, they weren't equally cleaning the room on some spots which was quite strange. (spots cleaned in one day, the next one they were left as they were)
C) Value for money: There is a reason the hotel's grading went from 8.1 back in 2020 (if I remember the sign well) to 7.7 this year. I have heard from people who attended the hotel for many years - and who recommended it to me - that services have a bit deteriorated and especially on the breakfast section. The buffet used to me much more richer and diversified and nowadays is just another above medium buffet."
 The Marmara Pera, TH_P5_R13,Unknown Author,N/A,Positive,"I liked the location and the staff, who were quite kind and generous"
 The Marmara Pera, TH_P5_R13,Unknown Author,N/A,Negative,Probably there could be a slightly richer breakfast buffet
 The Marmara Pera, TH_P5_R14,Unknown Author,N/A,Positive,"Neat, clean , big and comfy bed . Room size was pretty good as compared to other hotels . The windows were a treat for eyes . Such spectacular views of city and sea. I really enjoyed it and will definitely stay again here . The reception and all the staff members were very nice . Thanks to Okan , Ramazan and Muhammad for giving good customer service."
 The Marmara Pera, TH_P5_R14,Unknown Author,N/A,Negative,Bathrobe was missing but I Donot need it so no worries
 The Marmara Pera, TH_P5_R15,Unknown Author,N/A,Positive,The location
 The Marmara Pera, TH_P5_R15,Unknown Author,N/A,Negative,The room and facilities
 The Marmara Pera, TH_P5_R16,Unknown Author,N/A,Positive,The views from our room.
 The Marmara Pera, TH_P5_R16,Unknown Author,N/A,Negative,"Very noisy rooms  -  old window frames with no sound insulation with music from nearby roof top disco was very loud. The staff lied to us that the disco was a one off. We suffered it again that night. When, the next day they finally moved us to another room the noise of the wind whistling through the window frames was horrendous. They eventually moved us to their smarter hotel at Taksim Square. We enjoyed our stay there."
 The Marmara Pera, TH_P5_R17,Unknown Author,N/A,Positive,Amazing service and staff with lovely view and thx for Ms kadir its very helping men see u soon
 The Marmara Pera, TH_P5_R18,Unknown Author,N/A,Positive,Nothing the were rude just the location was good
 The Marmara Pera, TH_P5_R18,Unknown Author,N/A,Negative,The reception stole money from me and also the deduct twice from my bank account.
 The Marmara Pera, TH_P5_R19,Unknown Author,N/A,Positive,It was the second time to Marmara Pera. Everything was perfect. We travel as a family and we felt very safe. Staff was so kind and helpful. Thank you for everything
 The Marmara Pera, TH_P5_R20,Unknown Author,N/A,Positive,Good organized
 The Marmara Pera, TH_P5_R20,Unknown Author,N/A,Negative,Nothing
 The Marmara Pera, TH_P5_R21,Unknown Author,N/A,Positive,The location and the view
 The Marmara Pera, TH_P5_R21,Unknown Author,N/A,Negative,"The smell, it smelled very nasty like toilet in the whole room."
 The Marmara Pera, TH_P5_R22,Unknown Author,N/A,Positive,Nice location
 The Marmara Pera, TH_P5_R23,Unknown Author,N/A,Positive,Not good
 The Marmara Pera, TH_P5_R23,Unknown Author,N/A,Negative,"The hotel rooms are unclean, most of them smoke and have unpleasant odors"
 The Marmara Pera, TH_P5_R24,Unknown Author,N/A,Negative,"the unprofessional behavior of the Night Duty Manager at this hotel . During my visit on the 11th November the Night Duty Manager insulted me and accused me of carrying a bomb without any basis.
This behavior is not only unacceptable but also highly offensive. As a customer of your establishment, I expect to be treated with respect and dignity. The way I was treated by the Night Duty Manager was completely unprofessional, and it left me feeling humiliated and embarrassed. I had been a regular customer for the past 10 years! But never again"
 The Marmara Pera, TH_P5_R25,Unknown Author,N/A,Positive,location is close to train staton and walking distance to Istiklal and Galata tower . room is pleasant the VIEW is gorgeous!
 The Marmara Pera, TH_P5_R25,Unknown Author,N/A,Negative,the staff at the front counter really do not know how to treat their guests. They are usually all male and not very friendly or helpful at all. they can really benefit from some hospitable training on how to look after guests needs in a more kind manner.
 The Marmara Pera, TH_P6_R1,Unknown Author,N/A,Positive,"One of the best hotel I've ever stayed in. Breathtaking room view, breathtaking view from the top with the pool. From the pool you watch directly to the Galata tower. Amazinggg! Bed is so comfortable. WOW! Breakfast was perfect and staff are very kind and helpful people. It is located very near Taksim and you have a metro station literally 3 minutes from the hotel and tram station 5-6 minutes from the hotel. All recommendations for everyone. BEST HOTEL! ❤️❤️❤️"
 The Marmara Pera, TH_P6_R2,Unknown Author,N/A,Positive,wonderful staff
 The Marmara Pera, TH_P6_R3,Unknown Author,N/A,Positive,position
 The Marmara Pera, TH_P6_R3,Unknown Author,N/A,Negative,dinner
 DoubleTree by Hilton Istanbul - Moda, DO_P1_R1,Unknown Author,N/A,Positive,"Very good breakfast with plenty of food variaty 
Reception - prompt and nice, very professional staff"
 DoubleTree by Hilton Istanbul - Moda, DO_P1_R1,Unknown Author,N/A,Negative,"Room ventilation could be improved, was a bit noisy and felt cold during sleep"
 DoubleTree by Hilton Istanbul - Moda, DO_P1_R2,Unknown Author,N/A,Positive,"Great location, great hotel"
 DoubleTree by Hilton Istanbul - Moda, DO_P1_R3,Unknown Author,N/A,Positive,Great location for a city trip in a cozy area full of bars and restaurants and close to metro and ferry
 DoubleTree by Hilton Istanbul - Moda, DO_P1_R3,Unknown Author,N/A,Negative,"Upon entering the room for the first time the temperature was over 30 degrees, uncomfortably hot. Not exactly what you're looking for after a long journey and took a long time to get it down"
 DoubleTree by Hilton Istanbul - Moda, DO_P1_R4,Unknown Author,N/A,Positive,"We stayed for one night, we were upgraded to a room with a beautiful view and with jacuzzi. It was a very nice gesture"
 DoubleTree by Hilton Istanbul - Moda, DO_P1_R5,Unknown Author,N/A,Positive,Great location close to Kadikoy bazaar and ferry terminals. Amazing view of the historic peninsula and Marmara sea. Friendly staff.
 DoubleTree by Hilton Istanbul - Moda, DO_P1_R6,Unknown Author,N/A,Positive,Staff was good and helpfull.
 DoubleTree by Hilton Istanbul - Moda, DO_P1_R7,Unknown Author,N/A,Positive,"Hotel staff are accommodating, polite and helpful"
 DoubleTree by Hilton Istanbul - Moda, DO_P1_R7,Unknown Author,N/A,Negative,Nothing
 DoubleTree by Hilton Istanbul - Moda, DO_P1_R8,Unknown Author,N/A,Positive,"Location is great. Close to a beautiful area full of restaurants, bars and shopping. Most local based. Breakfast is really good with a lot of options. Staff is friendly and helpful"
 DoubleTree by Hilton Istanbul - Moda, DO_P1_R8,Unknown Author,N/A,Negative,"Our stay was for 4 days, and in two days we had to ask to clean the room because it was not done at the time we arrived. Also the refill of soap and towels was missed few times. This should not happen in a hotel with 5 stars."
 DoubleTree by Hilton Istanbul - Moda, DO_P1_R9,Unknown Author,N/A,Positive,I like the location of the hotel. Very convenient to the ferry and the shopping area.
 DoubleTree by Hilton Istanbul - Moda, DO_P1_R9,Unknown Author,N/A,Negative,Some of the lights in the room was not working. Some of the toiletries are not in the toilet unless you call housekeeping for the items. The swivel chair cannot bring lower thus very hard to sit on.
 DoubleTree by Hilton Istanbul - Moda, DO_P1_R10,Unknown Author,N/A,Positive,"Great location, amazing views from the room. Staff were extremely helpful and friendly"
 DoubleTree by Hilton Istanbul - Moda, DO_P1_R10,Unknown Author,N/A,Negative,The room we had was an inter leading room and we could hear EVERYTHING from our neighbours. I’m sure that this is fixable
 DoubleTree by Hilton Istanbul - Moda, DO_P1_R11,Unknown Author,N/A,Positive,The location was great. The staff was also very kind. The bed was very comfortable and the rooms were big enough.
 DoubleTree by Hilton Istanbul - Moda, DO_P1_R11,Unknown Author,N/A,Negative,"Sometimes it could be a bit more noisy. It was not a problem for me, but my wife had more issues with the noises of the street."
 DoubleTree by Hilton Istanbul - Moda, DO_P1_R12,Unknown Author,N/A,Positive,"Good location , good breakfast, good hospitality , thanks Double tree staff for this wonderful stay"
 DoubleTree by Hilton Istanbul - Moda, DO_P1_R13,Unknown Author,N/A,Positive,Location
 DoubleTree by Hilton Istanbul - Moda, DO_P1_R13,Unknown Author,N/A,Negative,Small room.
 DoubleTree by Hilton Istanbul - Moda, DO_P1_R14,Unknown Author,N/A,Positive,"Nice room
hotel has a good location
pool/spa"
 DoubleTree by Hilton Istanbul - Moda, DO_P1_R14,Unknown Author,N/A,Negative,"Window facade has bad noise insulation -- you can hear everything from the nearby harbor (including horns)
AC didn't work reliably (didn't switch off)
Breakfast nice but highly overpriced
Staff (not very flexible and at times language barrier)
Would be nice to have some water dispenser (though they do give you a small water bottle)"
 DoubleTree by Hilton Istanbul - Moda, DO_P1_R15,Unknown Author,N/A,Positive,The breakfast buffet is great with a lot of options. The chef is outstanding and personable. Staff has been very responsive to our needs and kind. The location is great and close to attractions and ports. Great views from the room. Facilities are clean with good amenities.
 DoubleTree by Hilton Istanbul - Moda, DO_P1_R15,Unknown Author,N/A,Negative,Air conditioning is weak and does not cool down the room to the set temperature at night
 DoubleTree by Hilton Istanbul - Moda, DO_P1_R16,Unknown Author,N/A,Positive,"Room, view excellent - full facilities but internet has to be paid for. Restaurants uninspiring - fixation on doing everything by QR code seriously annoying"
 DoubleTree by Hilton Istanbul - Moda, DO_P1_R16,Unknown Author,N/A,Negative,Proliferation of QR codes - would put me off returning plus having to pay for internet
 DoubleTree by Hilton Istanbul - Moda, DO_P1_R17,Unknown Author,N/A,Positive,Staff are good for receptionists including bell side .
 DoubleTree by Hilton Istanbul - Moda, DO_P1_R17,Unknown Author,N/A,Negative,"I booked seaside but they gave me 2nd floor which show a little sea but more parking lot.. in addition Booking 
.com show 30m2 while agoda show same room as 25m2 with cheaper price. I WANT TO CLARIFY THIS MATTER."
 DoubleTree by Hilton Istanbul - Moda, DO_P1_R18,Unknown Author,N/A,Positive,"Location, breakfast, service"
 DoubleTree by Hilton Istanbul - Moda, DO_P1_R19,Unknown Author,N/A,Negative,The mini bar in the room was fully empty...Also there was a wedding during our stay and it was a bit noisy
 DoubleTree by Hilton Istanbul - Moda, DO_P1_R20,Unknown Author,N/A,Positive,"- great and convenient location close to Kadikoy station
- spacious room
- clean
- good breakfast
- everything was smooth"
 DoubleTree by Hilton Istanbul - Moda, DO_P1_R20,Unknown Author,N/A,Negative,"- too loud AC, I didn't figure it out how to turn it off"
 DoubleTree by Hilton Istanbul - Moda, DO_P1_R21,Unknown Author,N/A,Negative,"Bed was a bit hard, and wifi was slow."
 DoubleTree by Hilton Istanbul - Moda, DO_P1_R22,Unknown Author,N/A,Positive,"Location
Sea view of the room
Close to metro, boats etc."
 DoubleTree by Hilton Istanbul - Moda, DO_P1_R23,Unknown Author,N/A,Positive,"Location is amazing, people are great, rooftop view is a must see."
 DoubleTree by Hilton Istanbul - Moda, DO_P1_R23,Unknown Author,N/A,Negative,Room was just a bit small.
 DoubleTree by Hilton Istanbul - Moda, DO_P1_R24,Unknown Author,N/A,Positive,Service was great
 DoubleTree by Hilton Istanbul - Moda, DO_P1_R24,Unknown Author,N/A,Negative,"We had a room with a joint door to the next room, we could hear everything there. It was too loud at night."
 DoubleTree by Hilton Istanbul - Moda, DO_P2_R1,Unknown Author,N/A,Positive,Very good accessable to public transport
 DoubleTree by Hilton Istanbul - Moda, DO_P2_R1,Unknown Author,N/A,Negative,Very good place
 DoubleTree by Hilton Istanbul - Moda, DO_P2_R2,Unknown Author,N/A,Positive,"We liked the area, Moda is a modern area full of shops, restaurants and bars full of people. 
You can buy a card and  use any public transportation to go to the old city or to Taksim.. Don't use taxi, they will rip you off."
 DoubleTree by Hilton Istanbul - Moda, DO_P2_R2,Unknown Author,N/A,Negative,The room we stayed (18m2) it was smaller than the one we booked (25m2).
 DoubleTree by Hilton Istanbul - Moda, DO_P2_R3,Unknown Author,N/A,Positive,"Comfy, clean room. Good views. Excellent location in Kadikoy, nearby public transport. Great variety of food at breakfast. Okay hotel gym with the basics. Enjoyed the spa facilities."
 DoubleTree by Hilton Istanbul - Moda, DO_P2_R3,Unknown Author,N/A,Negative,"Bathroom is outdated. Bathroom and bedroom are separated by glass, with a curtain. So you'll notice the bathroom lights are on, which isn't ideal if someone is trying to sleep."
 DoubleTree by Hilton Istanbul - Moda, DO_P2_R4,Unknown Author,N/A,Positive,Good hotel
 DoubleTree by Hilton Istanbul - Moda, DO_P2_R4,Unknown Author,N/A,Negative,Staff
 DoubleTree by Hilton Istanbul - Moda, DO_P2_R5,Unknown Author,N/A,Positive,"Location, view"
 DoubleTree by Hilton Istanbul - Moda, DO_P2_R5,Unknown Author,N/A,Negative,room lightning
 DoubleTree by Hilton Istanbul - Moda, DO_P2_R6,Unknown Author,N/A,Positive,Modern and luxurious
 DoubleTree by Hilton Istanbul - Moda, DO_P2_R6,Unknown Author,N/A,Negative,Nothing
 DoubleTree by Hilton Istanbul - Moda, DO_P2_R7,Unknown Author,N/A,Positive,"Location, breakfast, cleanliness, staff"
 DoubleTree by Hilton Istanbul - Moda, DO_P2_R7,Unknown Author,N/A,Negative,Room was small
 DoubleTree by Hilton Istanbul - Moda, DO_P2_R8,Unknown Author,N/A,Positive,"The Doubletree in Kadıköy exceeded my expectations. Arriving late at SAW, I could practically take the metro to the property's front door. I knew about that going in. But when I walked up to building, I was surprised by the hotel's upscale look and feel. I had expected the adequate but bland kind of Doubletree one often finds in the US. This hotel was quite a bit fancier. Certainly not a Kempinski but better than your average Marriott. Key measures of quality -- cleanliness, comfort, and service -- followed suit. As did an excellent dinner on the top floor, with a stunning view of the Bosporus. A great place to stay."
 DoubleTree by Hilton Istanbul - Moda, DO_P2_R8,Unknown Author,N/A,Negative,"The gym, which is in the basement, didn't measure up to reviews. My biggest gripe was the  enormous TV in my room, which was positioned at the foot the bed, where it effectively cut the space in half. Quite the opposite of feng shui."
 DoubleTree by Hilton Istanbul - Moda, DO_P2_R9,Unknown Author,N/A,Positive,The mattress and the pillow.
 DoubleTree by Hilton Istanbul - Moda, DO_P2_R9,Unknown Author,N/A,Negative,Small room. Shown bigger on website.
 DoubleTree by Hilton Istanbul - Moda, DO_P2_R10,Unknown Author,N/A,Positive,Location
 DoubleTree by Hilton Istanbul - Moda, DO_P2_R10,Unknown Author,N/A,Negative,Bed comfort could have been better in terms of the pillows
 DoubleTree by Hilton Istanbul - Moda, DO_P2_R11,Unknown Author,N/A,Positive,"Everything was fine. Pleasant staff, cleanliness, delicious breakfasts, convenient location. The view from the window of the Bosphorus was amazing."
 DoubleTree by Hilton Istanbul - Moda, DO_P2_R11,Unknown Author,N/A,Negative,There were difficulties with air conditioning control
 DoubleTree by Hilton Istanbul - Moda, DO_P2_R12,Unknown Author,N/A,Positive,"Beautiful design, excellent views"
 DoubleTree by Hilton Istanbul - Moda, DO_P2_R12,Unknown Author,N/A,Negative,Whats not to like
 DoubleTree by Hilton Istanbul - Moda, DO_P2_R13,Unknown Author,N/A,Positive,"Room was spacious, clean and quiet. Location was excellent as it overlooked water, was close to tram. metro traiñ station and village-like shopping strip that led to water front park."
 DoubleTree by Hilton Istanbul - Moda, DO_P2_R13,Unknown Author,N/A,Negative,"For the price, I think breakfast should have been included."
 DoubleTree by Hilton Istanbul - Moda, DO_P2_R14,Unknown Author,N/A,Positive,Good
 DoubleTree by Hilton Istanbul - Moda, DO_P2_R14,Unknown Author,N/A,Negative,Good
 DoubleTree by Hilton Istanbul - Moda, DO_P2_R15,Unknown Author,N/A,Positive,"Breakfast, staff were very friendly. Chef Receb was always welcoming and tking care of us"
 DoubleTree by Hilton Istanbul - Moda, DO_P2_R15,Unknown Author,N/A,Negative,"Air conditioner for first night was not working, we were asaigned a poor room in design, bathtub shower tap brokwn and AC not working.
Team gave ua another room the day after but it was not a pleasant 1st night"
 DoubleTree by Hilton Istanbul - Moda, DO_P2_R16,Unknown Author,N/A,Positive,"The location is great, by metro directly from Sabiha Gokcen airport without transfer, by the port. Beautiful view. Very nice Asian side of Istanbul, excellent food, markets."
 DoubleTree by Hilton Istanbul - Moda, DO_P2_R17,Unknown Author,N/A,Positive,Comfortable beds good view.
 DoubleTree by Hilton Istanbul - Moda, DO_P2_R17,Unknown Author,N/A,Negative,Cost of bonnet 200 lira definitely rip off. Usage of plastic bottles should be eliminate.
 DoubleTree by Hilton Istanbul - Moda, DO_P2_R18,Unknown Author,N/A,Positive,my room had a sea view which I upgraded. I was happy with that. It was unexpected.
 DoubleTree by Hilton Istanbul - Moda, DO_P2_R18,Unknown Author,N/A,Negative,There was a small issue which I did like it less ; It was a smoking room ! no one asked of I smoke or not . The room had a smoking smell of course.
 DoubleTree by Hilton Istanbul - Moda, DO_P2_R19,Unknown Author,N/A,Positive,"Cleanliness, views, friendly staff"
 DoubleTree by Hilton Istanbul - Moda, DO_P2_R19,Unknown Author,N/A,Negative,Pool bar closes early
 DoubleTree by Hilton Istanbul - Moda, DO_P2_R20,Unknown Author,N/A,Negative,Location of TV
 DoubleTree by Hilton Istanbul - Moda, DO_P2_R21,Unknown Author,N/A,Positive,Near the water and stores
 DoubleTree by Hilton Istanbul - Moda, DO_P2_R21,Unknown Author,N/A,Negative,"Didn’t give the local vibe, had to pay for breakfast separately, hard for them to arrange taxis"
 DoubleTree by Hilton Istanbul - Moda, DO_P2_R22,Unknown Author,N/A,Positive,"Good location, nice breakfast, excellent traffic connectivity."
 DoubleTree by Hilton Istanbul - Moda, DO_P2_R22,Unknown Author,N/A,Negative,"We booked the room with an extra bed for our son, it took quite a time to get it ready. Although the room was paid for three persons, it was always a challenge to receive towels, etc for the third occupant. There was also no paper and pen available for taking notes."
 DoubleTree by Hilton Istanbul - Moda, DO_P2_R23,Unknown Author,N/A,Positive,Great location and also the rooftop pool
 DoubleTree by Hilton Istanbul - Moda, DO_P2_R23,Unknown Author,N/A,Negative,N/A
 DoubleTree by Hilton Istanbul - Moda, DO_P2_R24,Unknown Author,N/A,Positive,"Our corner room had amazing views and for a family room it was a great size, the single sofa bed and they brought up a good 2nd single bed was superb for our teenagers. It was perfect for our needs. The 12th storey swimming pool was amazing, atmosphere and views were great. Kadikoy as a location is fantastic a real holiday vibe for a city location. The breakfast was superb, every type of food on the market."
 DoubleTree by Hilton Istanbul - Moda, DO_P2_R24,Unknown Author,N/A,Negative,"The pool was great but space around it was small, one afternoon, it was too busy to sit around, only minus. Food and drinks on the high side but not prohibitively so."
 DoubleTree by Hilton Istanbul - Moda, DO_P2_R25,Unknown Author,N/A,Positive,"Location, staff so friendly, the service is swift and of quality"
 DoubleTree by Hilton Istanbul - Moda, DO_P3_R1,Unknown Author,N/A,Positive,Clean and nice place
 DoubleTree by Hilton Istanbul - Moda, DO_P3_R1,Unknown Author,N/A,Negative,The room wasn’t ready when I checked in. I booked suite room for 4 people but no bedding and towels for 4 of us.  I don’t think it’s 5stars hotel.
 DoubleTree by Hilton Istanbul - Moda, DO_P3_R2,Unknown Author,N/A,Positive,Location is superb. Very clean as always. Staff are very friendly and professional.
 DoubleTree by Hilton Istanbul - Moda, DO_P3_R2,Unknown Author,N/A,Negative,Day after we booked we were told the indoor pool was closed for renovations and we had no way to change the booking.
 DoubleTree by Hilton Istanbul - Moda, DO_P3_R3,Unknown Author,N/A,Positive,The room is nice
 DoubleTree by Hilton Istanbul - Moda, DO_P3_R4,Unknown Author,N/A,Positive,"The reception guys , Emre, Yigit and Mahmut were really kind and we'll supporting"
 DoubleTree by Hilton Istanbul - Moda, DO_P3_R5,Unknown Author,N/A,Positive,Good
 DoubleTree by Hilton Istanbul - Moda, DO_P3_R5,Unknown Author,N/A,Negative,Wc
 DoubleTree by Hilton Istanbul - Moda, DO_P3_R6,Unknown Author,N/A,Positive,All was fine
 DoubleTree by Hilton Istanbul - Moda, DO_P3_R6,Unknown Author,N/A,Negative,Nothing
 DoubleTree by Hilton Istanbul - Moda, DO_P3_R7,Unknown Author,N/A,Positive,"Nice, cozy, and clean room. A convenient location. Very helpful and accommodating staff."
 DoubleTree by Hilton Istanbul - Moda, DO_P3_R8,Unknown Author,N/A,Positive,"The staff are so knowledgeable & helpful - specially Mr. Cem! 
Beautiful views"
 DoubleTree by Hilton Istanbul - Moda, DO_P3_R8,Unknown Author,N/A,Negative,Hygiene could be better
 DoubleTree by Hilton Istanbul - Moda, DO_P3_R9,Unknown Author,N/A,Positive,"Beautiful building and location with big and comfortable room and bathroom.
Very good breakfast with plenty of choices both salty and sweet.
Well equipped quite big gym with both cardios and different kind of machineries to train incl. loose weights and tools for pilates etc."
 DoubleTree by Hilton Istanbul - Moda, DO_P3_R9,Unknown Author,N/A,Negative,Nothing
 DoubleTree by Hilton Istanbul - Moda, DO_P3_R10,Unknown Author,N/A,Positive,Staff was so nice and helpful. Location and spa in the middle of the room was awesome. Room service has quality.
 DoubleTree by Hilton Istanbul - Moda, DO_P3_R10,Unknown Author,N/A,Negative,"Well, nothing. Everything was great."
 DoubleTree by Hilton Istanbul - Moda, DO_P3_R11,Unknown Author,N/A,Positive,"The location and view are fantastic. Great access to bunch of bars, restaurants and cafes. Live and vibrant night life close by."
 DoubleTree by Hilton Istanbul - Moda, DO_P3_R11,Unknown Author,N/A,Negative,N/A
 DoubleTree by Hilton Istanbul - Moda, DO_P3_R12,Unknown Author,N/A,Positive,"Friendly staff - good loaction to visit Istanbul, near to Boat Stop"
 DoubleTree by Hilton Istanbul - Moda, DO_P3_R12,Unknown Author,N/A,Negative,"Roof top bar was disappointing, lost opportinities to make it more attractive"
 DoubleTree by Hilton Istanbul - Moda, DO_P3_R13,Unknown Author,N/A,Positive,"Best location in asia side of istanbul, near to ferries to cross the bosphorus and just in the center of lively kadikoy"
 DoubleTree by Hilton Istanbul - Moda, DO_P3_R13,Unknown Author,N/A,Negative,if you have a car they charge extra for parking and they have a third party company managing parking lot.
 DoubleTree by Hilton Istanbul - Moda, DO_P3_R14,Unknown Author,N/A,Positive,"BREAKFAST,
NICE UPDATE
NICE VIEW
LOCATION IS FANTASTIC"
 DoubleTree by Hilton Istanbul - Moda, DO_P3_R14,Unknown Author,N/A,Negative,PRICE IS VERY HIGH
 DoubleTree by Hilton Istanbul - Moda, DO_P3_R15,Unknown Author,N/A,Positive,"i liked the location, accessibility of the hotel 
it was near the metro station 
and near kadikoy pedestrian market
very goo location"
 DoubleTree by Hilton Istanbul - Moda, DO_P3_R15,Unknown Author,N/A,Negative,"the room was too old, and the bathroom door made a weired sound everytime we open or close, we told the hotel team, but they didn't solve the problem. 
the valet parking wasn't free, it shouldn't be chargeable in a 5 stars hotel"
 DoubleTree by Hilton Istanbul - Moda, DO_P3_R16,Unknown Author,N/A,Positive,Its was very far from grand plaza and the places I wanted to visit.It had beautiful sea views.The rooms are beautiful
 DoubleTree by Hilton Istanbul - Moda, DO_P3_R16,Unknown Author,N/A,Negative,It was far and breakfast was not that great
 DoubleTree by Hilton Istanbul - Moda, DO_P3_R17,Unknown Author,N/A,Positive,"The breakfast had a very wide selection & the orange juice was freshly squeezed. The staff were polite & friendly. A special mention for Chef Racepp, always smiling & enquiring about our well being & if our culinary needs were being met, an absolute STAR."
 DoubleTree by Hilton Istanbul - Moda, DO_P3_R17,Unknown Author,N/A,Negative,It is more of a hotel meant for business travellers & it caters to that client base. It's not something that I didn't like. We were on holiday but I also had a few business meetings to attend on the Asian side of Istanbul & it was ideally located.
 DoubleTree by Hilton Istanbul - Moda, DO_P3_R18,Unknown Author,N/A,Positive,Very clean and well kept. The staff were friendly and polite.
 DoubleTree by Hilton Istanbul - Moda, DO_P3_R18,Unknown Author,N/A,Negative,"One of the lamps wasn’t working properly and the fridge being located by the bed often went through ticking phases, this had the habit of preventing me from sleeping if I was awake at the time it started."
 DoubleTree by Hilton Istanbul - Moda, DO_P3_R19,Unknown Author,N/A,Positive,Very well located (easy access to everything).
 DoubleTree by Hilton Istanbul - Moda, DO_P3_R19,Unknown Author,N/A,Negative,The staff from the valet service do not understand or speak English well.
 DoubleTree by Hilton Istanbul - Moda, DO_P3_R20,Unknown Author,N/A,Positive,"Staff lovely, great room, well equipped"
 DoubleTree by Hilton Istanbul - Moda, DO_P3_R21,Unknown Author,N/A,Positive,Location
 DoubleTree by Hilton Istanbul - Moda, DO_P3_R21,Unknown Author,N/A,Negative,Rooms were worn down
 DoubleTree by Hilton Istanbul - Moda, DO_P3_R22,Unknown Author,N/A,Positive,Location
 DoubleTree by Hilton Istanbul - Moda, DO_P3_R22,Unknown Author,N/A,Negative,Room design
 DoubleTree by Hilton Istanbul - Moda, DO_P3_R23,Unknown Author,N/A,Positive,"Great location, amazing view, wonderful staff and the best shower EVER!!"
 DoubleTree by Hilton Istanbul - Moda, DO_P3_R24,Unknown Author,N/A,Positive,"Location is very convenient, it's right next to pier, where you can take a ferry to any side of the city. They have restaurant and pool with beautiful view on the top. All staff are very friendly and polite. Special thanks to Cem and Ural from concierge/reception. They went extra mile and were very professional and friendly."
 DoubleTree by Hilton Istanbul - Moda, DO_P3_R24,Unknown Author,N/A,Negative,"Hotel is definitely not a 5 star. Furniture and rooms are old, more like a 3 star hotel. Also every time calling reception or ird - they were asking for my room number, meaning they don't have phones with number detector, which again - expected to be in 5 star hotel. And overall experience doesn't give an impression of staying in 5 star"
 DoubleTree by Hilton Istanbul - Moda, DO_P3_R25,Unknown Author,N/A,Positive,"Great location with very friendly staff, nice and comfy"
 DoubleTree by Hilton Istanbul - Moda, DO_P3_R25,Unknown Author,N/A,Negative,Nothing… everything was fine
 DoubleTree by Hilton Istanbul - Moda, DO_P4_R1,Unknown Author,N/A,Positive,Location and staff
 DoubleTree by Hilton Istanbul - Moda, DO_P4_R1,Unknown Author,N/A,Negative,"Besds, not coprative and value for money."
 DoubleTree by Hilton Istanbul - Moda, DO_P4_R2,Unknown Author,N/A,Positive,Nothing
 DoubleTree by Hilton Istanbul - Moda, DO_P4_R2,Unknown Author,N/A,Negative,"Ac heated the whole room and was malfunctioning, Service was horrendous and unfriendly, Room was falling apart"
 DoubleTree by Hilton Istanbul - Moda, DO_P4_R3,Unknown Author,N/A,Positive,Sea view room
 DoubleTree by Hilton Istanbul - Moda, DO_P4_R3,Unknown Author,N/A,Negative,Try to address client fair demand
 DoubleTree by Hilton Istanbul - Moda, DO_P4_R4,Unknown Author,N/A,Positive,Location!
 DoubleTree by Hilton Istanbul - Moda, DO_P4_R4,Unknown Author,N/A,Negative,"- Loud bassy music until 00:30, unacceptable to pay for a 5-star hotel and not be allowed to sleep - the most basic need when go to a hotel with the family
- Furniture a bit outdated
- Gave the room with broken bathroom door, needed to ask to repair it after we checked in
- Overpriced overall"
 DoubleTree by Hilton Istanbul - Moda, DO_P4_R5,Unknown Author,N/A,Positive,Everything was nice and am always prefer this hotel ( family hotel ) and especially thanks 🙏 for mohamad in receiption 🌹🌺 son nice and coroporative 🌹
 DoubleTree by Hilton Istanbul - Moda, DO_P4_R5,Unknown Author,N/A,Negative,Nothing
 DoubleTree by Hilton Istanbul - Moda, DO_P4_R6,Unknown Author,N/A,Negative,Things nott working in the room
 DoubleTree by Hilton Istanbul - Moda, DO_P4_R7,Unknown Author,N/A,Positive,Location
 DoubleTree by Hilton Istanbul - Moda, DO_P4_R7,Unknown Author,N/A,Negative,"Price, service, and overall experience were not comparable with the price. You will receive a very average level of service. If you expect at least good service — please don’t.
Anyway, there were no major problems during my stay, but if I compare the price with expectations — it doesn’t match. It’s more expensive than hotels in the UAE or Qatar, but the service level is similar to an average local hotel that is usually much cheaper and cozier.
During my stay, the hotel was overcrowded with participants of a dairy producers’ conference, so there was hardly any space left for other guests. My room was not cleaned even once during three nights of stay. In the café downstairs, no waiter approached my table — I had to go to the bar myself to order and pay every time.
Overall, not worth the price. My advice is to choose a nearby hotel — you can easily find better options for a lower rate."
 DoubleTree by Hilton Istanbul - Moda, DO_P4_R8,Unknown Author,N/A,Positive,"Everything was excellent like food, cleanliness, location, staff behaviour etc"
 DoubleTree by Hilton Istanbul - Moda, DO_P4_R8,Unknown Author,N/A,Negative,You guys have spoiled and showered us with love and respect. The courtesy of staff specially morning smiles of chef Recape has really touched our whole family.  I didnt like the fact that now I have to wait till next vacations.
 DoubleTree by Hilton Istanbul - Moda, DO_P4_R9,Unknown Author,N/A,Positive,"Staff hospitality, breakfast"
 DoubleTree by Hilton Istanbul - Moda, DO_P4_R9,Unknown Author,N/A,Negative,None
 DoubleTree by Hilton Istanbul - Moda, DO_P4_R10,Unknown Author,N/A,Positive,"The location was great, walking distance ferries and the centre of town with cafes, restaurants and shops."
 DoubleTree by Hilton Istanbul - Moda, DO_P4_R11,Unknown Author,N/A,Positive,"Good location, nice large room. Staff was friendly especially Mahmout at the front desk.Concierge and Bellboy were very helpful.
Nice breakfast"
 DoubleTree by Hilton Istanbul - Moda, DO_P4_R11,Unknown Author,N/A,Negative,Bathroom door was difficult to open/close. Pillows could be better.
 DoubleTree by Hilton Istanbul - Moda, DO_P4_R12,Unknown Author,N/A,Negative,the photographs do not correspond to reality
 DoubleTree by Hilton Istanbul - Moda, DO_P4_R13,Unknown Author,N/A,Positive,The property had indoor swimming pool
 DoubleTree by Hilton Istanbul - Moda, DO_P4_R13,Unknown Author,N/A,Negative,Well were given a small room with no ac working it was stuffy and the staff did nothing about it
 DoubleTree by Hilton Istanbul - Moda, DO_P4_R14,Unknown Author,N/A,Positive,"The location is absolutely perfect for Istanbul,  it's right at the doorstep of Kadıköy which is a great neighborhood for strolling restaurants, cafes and nice shops. I would recommend spending enough time there, the food is so much better than in the more touristy spots. When you want to hop over to the European side the ferry (which is the nicest way!) and metro are 3 minutes away. The views from our room and from the roof top pool were also fantastic. We ended up having breakfast here most mornings because it was so good, both turkish classics and omelette made to order."
 DoubleTree by Hilton Istanbul - Moda, DO_P4_R15,Unknown Author,N/A,Negative,"The TV did not work, when to turn on needed the Tech guy to tell press number 5.
My washing was not returned as you had set do not disturb, only the maid told me to go to the bedside to set the red or green or none.
A simple set of notes would have avoided such problems."
 DoubleTree by Hilton Istanbul - Moda, DO_P4_R16,Unknown Author,N/A,Positive,"Location was great, a short distance from metro and walking streets. The breakfast buffet was brilliant and the gym very nice. Rooftop pool had pretty views."
 DoubleTree by Hilton Istanbul - Moda, DO_P4_R17,Unknown Author,N/A,Positive,Beautiful view. Modern room. Kind and welcoming stuff.
 DoubleTree by Hilton Istanbul - Moda, DO_P4_R17,Unknown Author,N/A,Negative,"Be careful with the taxi drivers and do not order taxi from the reception, as the fees are not the same as if you take Über or Bitaksi.
I think this shouldn’t happen in hotels of this class. 
All in all feedback is positive. Just because of the taxi, the score is 9!"
 DoubleTree by Hilton Istanbul - Moda, DO_P4_R18,Unknown Author,N/A,Positive,"Amazing view from 11 floor corner room: to the sea and to the city
Good jacuzzi
Best location
Quiet room, coffee machine"
 DoubleTree by Hilton Istanbul - Moda, DO_P4_R18,Unknown Author,N/A,Negative,"Frontdesk stuff (ENES) was rude. The room was not ready even I came 4p.m. Enes refused to solve the situation, he just didn't care and ask to wait more than 20 min. -1 point for that.
After I asked several times about the room, he finally told that the room is ready and asked me for SECOND time payment. He didn't believe I already paid until time I show the receipt. Fortunally I saved the slip from the payment. -1 point for that.
The internet is very poor, even by wire it's about 7-8MBit/s. -1 point for that.
The A/C is very week and you cannot set it as you want since it's central air system. -1 point for that."
 DoubleTree by Hilton Istanbul - Moda, DO_P4_R19,Unknown Author,N/A,Positive,"The location
The view"
 DoubleTree by Hilton Istanbul - Moda, DO_P4_R19,Unknown Author,N/A,Negative,Toilet flush needed fixing. Sometimes it keept pouring water until you press it again to stop it.
 DoubleTree by Hilton Istanbul - Moda, DO_P4_R20,Unknown Author,N/A,Positive,"Location, roof pool"
 DoubleTree by Hilton Istanbul - Moda, DO_P4_R20,Unknown Author,N/A,Negative,"Hotel is aged, overpriced. Valet parking is super expensive, no parking facility of its own. All open restaurant area is smoking area, no dedicated area for non-smokers.
Gym not 24 hours, and children are not allowed in. How we can leave small children out somewhere and do some little exercise?"
 DoubleTree by Hilton Istanbul - Moda, DO_P4_R21,Unknown Author,N/A,Positive,Best hotel in kadiköy
 DoubleTree by Hilton Istanbul - Moda, DO_P4_R22,Unknown Author,N/A,Positive,"It was clean, we really appreciated the effort of keeping the room clean and in order."
 DoubleTree by Hilton Istanbul - Moda, DO_P4_R23,Unknown Author,N/A,Positive,The location was good.
 DoubleTree by Hilton Istanbul - Moda, DO_P4_R23,Unknown Author,N/A,Negative,I could not turn on and off the aircon. This could only be done by calling the Reception. The aircon was blowing cold air straight in my face even at the lowest setting. I also developed some allergy which was very itchy and uncomfortable and this was only when I was in the room. This was strange as I was not aware of being allergic to anything.
 DoubleTree by Hilton Istanbul - Moda, DO_P4_R24,Unknown Author,N/A,Positive,"The staff from the bar were super friendly, the location is excellent! Spa area (downstairs) is very nice, service also exceptional. Rooftop pool is nice."
 DoubleTree by Hilton Istanbul - Moda, DO_P4_R24,Unknown Author,N/A,Negative,"The reception employees didn’t care - no one showed us alone, brought our luggage up etc. when I told them about this - they still didn’t care just blamed their co-worker. 
Shower not great. Massages way too pricy. Room was okay but not luxury rather spacious."
 DoubleTree by Hilton Istanbul - Moda, DO_P4_R25,Unknown Author,N/A,Negative,Nothing at all
 DoubleTree by Hilton Istanbul - Moda, DO_P5_R1,Unknown Author,N/A,Positive,"The staff were excellent, from the valet parking, reception, kitchen and house staff, nothing was too much and always welcoming."
 DoubleTree by Hilton Istanbul - Moda, DO_P5_R1,Unknown Author,N/A,Negative,"Air conditioning took a while to understand, with the fan on the first night being a little robust."
 DoubleTree by Hilton Istanbul - Moda, DO_P5_R2,Unknown Author,N/A,Positive,Good location and modern building
 DoubleTree by Hilton Istanbul - Moda, DO_P5_R2,Unknown Author,N/A,Negative,Nothing
 DoubleTree by Hilton Istanbul - Moda, DO_P5_R3,Unknown Author,N/A,Positive,"Nice big room overlooking the city.
Big bed.
Plenty of cupboard space.
Very happy!!"
 DoubleTree by Hilton Istanbul - Moda, DO_P5_R3,Unknown Author,N/A,Negative,"Lighting in the room, and understanding the proliferation of switches."
 DoubleTree by Hilton Istanbul - Moda, DO_P5_R4,Unknown Author,N/A,Positive,"Excellent location for shopping and restaurants and coffee shops. Amazing room, house keeping, staff, breakfast and just across the ferry station."
 DoubleTree by Hilton Istanbul - Moda, DO_P5_R4,Unknown Author,N/A,Negative,Everything was great
 DoubleTree by Hilton Istanbul - Moda, DO_P5_R5,Unknown Author,N/A,Positive,!!
 DoubleTree by Hilton Istanbul - Moda, DO_P5_R5,Unknown Author,N/A,Negative,"I decided to stay extra night at the checkin , the reception ask me if i want to pay at the checkout and i accept, last night at 1 am. The reception call me and he said you must come down to the reception to pay your extra night, i tell him I’m sleeping but he don’t care he just need the money, when i come down he said i know my college is saying to you can pay at checkout but you must paying now !!!
This was my first time happening to me like this !!
And the last time on Double Tree Moda Istanbul.
Thank you."
 DoubleTree by Hilton Istanbul - Moda, DO_P5_R6,Unknown Author,N/A,Positive,Location
 DoubleTree by Hilton Istanbul - Moda, DO_P5_R6,Unknown Author,N/A,Negative,"Stuff and old hotel, didn't worth money at all!"
 DoubleTree by Hilton Istanbul - Moda, DO_P5_R7,Unknown Author,N/A,Positive,A terrace restaurant with nice view. Comfortable bed and excellent pillows. A bath tub in the room.
 DoubleTree by Hilton Istanbul - Moda, DO_P5_R7,Unknown Author,N/A,Negative,"Everything is quite old, poorly maintained and disorganised. 
The shower leaked, there was mould (or something else, looked disgusting) in the bath, which was covered with sealant. 
No glasses for toothbrushes. No bathrobes, we asked for them, they brought them in about an hour, but the next day they took one away :)
And the most ridiculous thing, asking for 4000TL as a deposit when we moved in. I have never seen anything like it."
 DoubleTree by Hilton Istanbul - Moda, DO_P5_R8,Unknown Author,N/A,Positive,"Everything was great, the location of the hotels and the friendliness of the staff 👍🏻"
 DoubleTree by Hilton Istanbul - Moda, DO_P5_R8,Unknown Author,N/A,Negative,nothing
 DoubleTree by Hilton Istanbul - Moda, DO_P5_R9,Unknown Author,N/A,Positive,"Location was perfect. 5 min to ferry terminal and nice restaurant area.
Staff was very kind. Concierge was super nice.
Amaging Bosphorus view"
 DoubleTree by Hilton Istanbul - Moda, DO_P5_R10,Unknown Author,N/A,Positive,"The location is the best - it is in Moda, within walking distance from the sea, and the lovely neighborhoods Kadikoy and Moda. It also has a decent indoor pool with sauna and steam room."
 DoubleTree by Hilton Istanbul - Moda, DO_P5_R11,Unknown Author,N/A,Positive,Staff behavior and the breakfast selections varieties
 DoubleTree by Hilton Istanbul - Moda, DO_P5_R11,Unknown Author,N/A,Negative,"Old furniture
Air conditioning 
Unclean 
House keeping low quality"
 DoubleTree by Hilton Istanbul - Moda, DO_P5_R12,Unknown Author,N/A,Negative,The staff at checkin were terrible. I asked for water and they told us there would be water in the room while they were taking a long time checking us in and couldn’t even get us water at the beginning of our stay?
 DoubleTree by Hilton Istanbul - Moda, DO_P5_R13,Unknown Author,N/A,Positive,very friendly staff and especially enjoyed the great chefs cooking fresh omellettes in the morning.
 DoubleTree by Hilton Istanbul - Moda, DO_P5_R14,Unknown Author,N/A,Positive,"I was offered a room with sea view and, as I arrived just before the sunset, the view was beautiful. The spa area is also great. The breakfast buffet choice is abundant. Also, they had gluten-free bread on request."
 DoubleTree by Hilton Istanbul - Moda, DO_P5_R14,Unknown Author,N/A,Negative,"I probably could not figure this out, but I wanted to stop the air conditioning without having to open the window. If I opened the window, the air conditioning stopped, but I could hear all the noise outside."
 DoubleTree by Hilton Istanbul - Moda, DO_P5_R15,Unknown Author,N/A,Positive,Great location
 DoubleTree by Hilton Istanbul - Moda, DO_P5_R15,Unknown Author,N/A,Negative,"Turned up and hotel was overbooked , sent to another hotel at 11pm at night not good… no offer of dinner or drink"
 DoubleTree by Hilton Istanbul - Moda, DO_P5_R16,Unknown Author,N/A,Positive,". Parking , location , breakfast"
 DoubleTree by Hilton Istanbul - Moda, DO_P5_R16,Unknown Author,N/A,Negative,"The hotel is outdated . Cleaning is close to zero .  It’s very strange . Wear and tear and they have many staff but useless .. they are all in one place , chat chat chat but no one does any cleaning , attention to details , as if the hotel has no manager"
 DoubleTree by Hilton Istanbul - Moda, DO_P5_R17,Unknown Author,N/A,Positive,"I liked the staff, location, cleanliness, the roof bar and pool and the view."
 DoubleTree by Hilton Istanbul - Moda, DO_P5_R17,Unknown Author,N/A,Negative,"I didn’t like that minibar was empty, and they didn’t serve hot beverages at the pool bar. I really needed some Turkish coffee at the time."
 DoubleTree by Hilton Istanbul - Moda, DO_P5_R18,Unknown Author,N/A,Positive,"we had a very good time here, rooms are very clean and have great views. the roof top swimming pool is a great place to see the sunset."
 DoubleTree by Hilton Istanbul - Moda, DO_P5_R19,Unknown Author,N/A,Positive,The swimming pool
 DoubleTree by Hilton Istanbul - Moda, DO_P5_R19,Unknown Author,N/A,Negative,"Shappy and run down, lacking maintenance and refurbishing. Room had open electrical outlets in ceiling, and art on the wall was tacky. Elevator broke down, and lightbulbs were broken"
 DoubleTree by Hilton Istanbul - Moda, DO_P5_R20,Unknown Author,N/A,Positive,Great property!
 DoubleTree by Hilton Istanbul - Moda, DO_P5_R20,Unknown Author,N/A,Negative,Enjoyed everything about the property
 DoubleTree by Hilton Istanbul - Moda, DO_P5_R21,Unknown Author,N/A,Positive,"Location, food, cleanness, very helpful staff, housekeepers, front desk team"
 DoubleTree by Hilton Istanbul - Moda, DO_P5_R21,Unknown Author,N/A,Negative,None
 DoubleTree by Hilton Istanbul - Moda, DO_P5_R22,Unknown Author,N/A,Positive,"High level of service, comfort and hospitality. Great staff and perfect location to discover Kadiköy"
 DoubleTree by Hilton Istanbul - Moda, DO_P5_R22,Unknown Author,N/A,Negative,-
 DoubleTree by Hilton Istanbul - Moda, DO_P5_R23,Unknown Author,N/A,Positive,Good location and friendly staff.
 DoubleTree by Hilton Istanbul - Moda, DO_P5_R23,Unknown Author,N/A,Negative,The rooms are rundown and need refurbishment. The bathroom was quite old and the shower was not working well.
 DoubleTree by Hilton Istanbul - Moda, DO_P5_R24,Unknown Author,N/A,Positive,Location
 DoubleTree by Hilton Istanbul - Moda, DO_P5_R24,Unknown Author,N/A,Negative,"The lobby’s smelt of sewage, the carpets smelt. There was smell of tobacco coming from bathroom air vents which was very strong and I had to have the room changed. I paid insignificant amount of money for 6 rooms. One room had 2 office chairs not what I had expected for a 5 star hotel. My parents had to be moved due the strong smell of urine or alcohol smell present in the room on carpets. The ladies at concierge were so unfriendly, they were not welcoming at all, and never smiled. All three people who served at the desk took different holding  deposits from my family. I would not stay at this hotel again only due to unfriendliness and the horrible smells at this hotel."
 DoubleTree by Hilton Istanbul - Moda, DO_P5_R25,Unknown Author,N/A,Positive,"The reception staff were very helpful and friendly. Overall, the staff and facilities were great. The location is central and the neighborhood is lively."
 DoubleTree by Hilton Istanbul - Moda, DO_P6_R1,Unknown Author,N/A,Positive,"This was my partners 3rd time in the property and as always, she was extremely happy with the quality of the service. Every single staff member was awesome; they were nice, friendly, professional and seemed like enjoyed being there and doing their job.  Coming from hospitality background myself (ACCOR), never been upset with the Hiltons. Keep up the good work and thanks for your amazing hospitality."
 DoubleTree by Hilton Istanbul - Moda, DO_P6_R2,Unknown Author,N/A,Positive,"Room was a good size and clean.  We were overlooking the Bosporus.  The bathroom was a good size and the water always warm.  Room was fitted with Air Con.
Location is close the harbor so very convenient to get from the Asia side to the European side.
Hotel is situated just on the edge of the local Kadikoy market area which suited us perfectly."
 DoubleTree by Hilton Istanbul - Moda, DO_P6_R2,Unknown Author,N/A,Negative,"I would ask for a room to the rear, as the hotel has these florescent LED lights to the front of the hotel which at night means your rooms is not dark.
We had dinner the first night up on the roof top, it was dark, (Seemingly a concept), no menus only QR Codes.  Not a fan of having a phone at the dinner table.  For what its worth in my view a hotel of this ""level"" should not use QR Codes. (I am sure the response will be since covid, or on the grounds of health and safety it is policy.  Fact remains no other covid measures are in place)
When we did get connected the menu was uninteresting.  This made up our minds we wouldn't eat in the hotel during our stay and eat locally, which was a very good choice as it happened for all meals.
I don't know how to describe the bed, some of my worst nights sleep it has to be said.
When we checked in there was a nice welcome note and some treats which was nice, as we didn't eat them they were not removed over the 7 nights stay.  By the time we left they were dry, hard and miserable looking.  Not sure why they weren't removed or replaced.
There was a note that all facilities were closed until March end, GYM, pool.  Never checked to be fair if that was true or not to be fair."
 DoubleTree by Hilton Istanbul - Moda, DO_P6_R3,Unknown Author,N/A,Positive,loved the view at the restaurant
 DoubleTree by Hilton Istanbul - Moda, DO_P6_R4,Unknown Author,N/A,Negative,"We were three people, one of us was very sick that was taken to hospital and the hotel didn't even care although they were noted. They didn't ask if we needed any help and even lemon they didn't try to provide. We ordered a fruite platter so that the sick person can eat something and it took them more than three hours to get it. Moreover, we asked to check the bill before paying and they totally refused before paying fully paid for the extras!!
Our booking was for three people in one room and we received the room, we discovered that it had only one bed, we had to wait hours to receive an extra bed than waited three days till changing the room for another with three single beds.
The staff was very rude and we felt unwanted at the property"
 DoubleTree by Hilton Istanbul - Moda, DO_P6_R5,Unknown Author,N/A,Positive,Amazing location
 DoubleTree by Hilton Istanbul - Moda, DO_P6_R5,Unknown Author,N/A,Negative,All good
 DoubleTree by Hilton Istanbul - Moda, DO_P6_R6,Unknown Author,N/A,Positive,"Room, breakfast, staff"
 DoubleTree by Hilton Istanbul - Moda, DO_P6_R6,Unknown Author,N/A,Negative,There was cigarette smell in the room early in the morning
 DoubleTree by Hilton Istanbul - Moda, DO_P6_R7,Unknown Author,N/A,Negative,"When we booked the hotel room, we had information that there was also a pool, and we took it on this basis. Actually, there was no pool in the hotel. We learned about it when we arrived at the place. A group of liars."
 DoubleTree by Hilton Istanbul - Moda, DO_P6_R8,Unknown Author,N/A,Positive,"We had an absolutely amazing time at Hilton Moda
The staff were attentive and went out of their way to ensure that we were comfortable
The attentive and knowledgeable staff ensured that our stay was a memorable one, providing excellent recommendations and ensuring our satisfaction."
 DoubleTree by Hilton Istanbul - Moda, DO_P6_R9,Unknown Author,N/A,Positive,Breakfast and friendly breakfast staff
 DoubleTree by Hilton Istanbul - Moda, DO_P6_R9,Unknown Author,N/A,Negative,"I used to stay at Double Tree by Hilton Moda in Kadikoy before during my business trips and this time I chose this hotel based on my previous experience, but, unfortunately, I have to admit that the level of service at the hotel has dropped significantly. The bottles with shampoo and conditioner were empty, I had to constantly remind to replace them, cleaning was not perfect, only the staff at breakfast were pleasant. We booked a New Year's Eve dinner on the rooftop restaurant that was advertised there, but were very disappointed. 
When we arrived at the restaurant on 12th floor, me and my child were seated at a table right next to the stage, at the exit, although when the event manager showed the restaurant the day before, she assured that all the tables would be positioned so that we have a view of the Bosphorus. We didn’t get anything like that, we sat right at the exit, next to the DJ stand. I paid the full price of the dinner for three of us, incl the price for the child without any discounts, and did not receive what was promised. At the end of the evening, a fire broke out on the table from a candle and tinsel nearby and started to quickly spread across the table. The waiters put out the fire with almost their bare hands. My child was scared and cried, thank God he was not hurt. My accessories were damaged, but I didn’t pay much attention to it then, more worried about fire safety. I started looking around and saw no fire extinguishers. The staff simply put a new tablecloth and set the table. Well, I received no apology or interest in smoothing out the experience from the hotel staff either that evening or after. New Year's Eve was ruined, my child and I went to our room. From now on, I will avoid these hotels on my trips, and especially this hotel."
 DoubleTree by Hilton Istanbul - Moda, DO_P6_R10,Unknown Author,N/A,Negative,My room was much smaller than I expected.
 DoubleTree by Hilton Istanbul - Moda, DO_P6_R11,Unknown Author,N/A,Positive,Hotel great position good.
 DoubleTree by Hilton Istanbul - Moda, DO_P6_R11,Unknown Author,N/A,Negative,Breakfast should be free included in price
 DoubleTree by Hilton Istanbul - Moda, DO_P6_R12,Unknown Author,N/A,Positive,"Excellent hotel with excellent location, from arrival to the last day of my stay I felt the full support of all staff, very friendly and helpful team. Guest Relation Manager Ozgur and Celil and their team were always with me to help during my stay. They made my stay more enjoyable."
 DoubleTree by Hilton Istanbul - Moda, DO_P6_R13,Unknown Author,N/A,Positive,"Spectacular breakfast, comfortable rooms, exceptional head concierge, location."
 DoubleTree by Hilton Istanbul - Moda, DO_P6_R14,Unknown Author,N/A,Positive,Everything was excellent.
 DoubleTree by Hilton Istanbul - Moda, DO_P6_R15,Unknown Author,N/A,Positive,Modern beutiful hotel with pretty much everything you need there
 DoubleTree by Hilton Istanbul - Moda, DO_P6_R16,Unknown Author,N/A,Positive,Good location. Friendly staffs. Clean room and nice view from the rooftop restaurant!!
 DoubleTree by Hilton Istanbul - Moda, DO_P6_R17,Unknown Author,N/A,Positive,"Excellent location! 
Metro and ferry stations are just in a two minute walk. We used ferry from Kadikoy to Karakoy station to get to main tourist attractions. Metro from Sadiha Gokcen airport goes directly to the hotel (Kadikoy station). 
There are a lot of cafes, pubs and supermarkets nearby. Corniche is just opposite to hotel, we went there to see a sunset.
Perfect breakfasts and amazing staff! The room is very clean and cozy. We enjoyed our stay here! 👍"
 DoubleTree by Hilton Istanbul - Moda, DO_P6_R18,Unknown Author,N/A,Positive,"The location was great in terms of catching a fairy to the other side for sightseeing, the hotel staff were very friendly and approachable which is always a bonus when travelling to another country."
 DoubleTree by Hilton Istanbul - Moda, DO_P6_R19,Unknown Author,N/A,Positive,The meals and staff are so pleasant
 DoubleTree by Hilton Istanbul - Moda, DO_P6_R19,Unknown Author,N/A,Negative,If only they could specify that anything on top of the table You should not eat or else you pay. Just have tea and coffee nothing else. 😋
 DoubleTree by Hilton Istanbul - Moda, DO_P6_R20,Unknown Author,N/A,Positive,Staff
 DoubleTree by Hilton Istanbul - Moda, DO_P6_R20,Unknown Author,N/A,Negative,It is NOT 5 star hotel. May be 2-3 star.
 DoubleTree by Hilton Istanbul - Moda, DO_P6_R21,Unknown Author,N/A,Positive,Staff
 DoubleTree by Hilton Istanbul - Moda, DO_P6_R21,Unknown Author,N/A,Negative,"This property IS NOT 5 star property, MAY BE 3 STAR."
 DoubleTree by Hilton Istanbul - Moda, DO_P6_R22,Unknown Author,N/A,Positive,"Can’t tell nothing bad, but only good about this hotel. Also the location is excellent."
 DoubleTree by Hilton Istanbul - Moda, DO_P6_R23,Unknown Author,N/A,Positive,Everything was good and especially the guy name is Özgiir Amazon
 DoubleTree by Hilton Istanbul - Moda, DO_P6_R23,Unknown Author,N/A,Negative,Nothing
 DoubleTree by Hilton Istanbul - Moda, DO_P6_R24,Unknown Author,N/A,Negative,"smoking smell in the room, even though it was a non-smoking room. No bath robe.
rather dirty ceiling and floors."
 DoubleTree by Hilton Istanbul - Moda, DO_P7_R1,Unknown Author,N/A,Positive,"The hotel could have one of the best locations on the Anatolian Side. During my three days stay in Istanbul, I took the ferry from Moda to cross the sea several times. The dock is only five minutes away from the hotel, so I never had to worry about getting stuck in the city’s traffic.
The front desk staff were polite and professional. They treated each other in a friendly manner in front of the guests. The housekeeping staff also did a great job every time."
 DoubleTree by Hilton Istanbul - Moda, DO_P7_R1,Unknown Author,N/A,Negative,"The “Lagazetta” Restaurant, which also offers room service, was a bit hard to reach by phone. Each time I called, my first attempt went unanswered, and they picked up on my second or third try. On my first day, I assumed that it might just be a rush hours for them. But the same thing happened on the following days at different hours. So if you think you might get hungry, it’s a good idea to plan ahead and allow at least half an hour just to place your order.
I also felt a little uncomfortable seeing such a strong security presence at the entrance, and the staff didn’t always come across as warm or welcoming. While I appreciate the importance of safety, the approach at times felt more like entering a military base or that kind of restricted area than arriving at a hotel. With the help of modern technology and a few guest friendly adjustments, I’m sure the hotel could maintain its high security standards while creating a more relaxed and inviting atmosphere."
 DoubleTree by Hilton Istanbul - Moda, DO_P7_R2,Unknown Author,N/A,Positive,At this price all can be improved just to target the excelence but at the same time honestly nothign to complain.
 DoubleTree by Hilton Istanbul - Moda, DO_P7_R3,Unknown Author,N/A,Positive,"The location is great, close to moda & kadıköy meydanı.. and the staff are all very friendly & helpful"
 DoubleTree by Hilton Istanbul - Moda, DO_P7_R3,Unknown Author,N/A,Negative,The bathroom has a banyo as the only facility for shower which is not comfortable for us
 DoubleTree by Hilton Istanbul - Moda, DO_P7_R4,Unknown Author,N/A,Positive,location
 DoubleTree by Hilton Istanbul - Moda, DO_P7_R4,Unknown Author,N/A,Negative,View to the ruins calls “city view”
 DoubleTree by Hilton Istanbul - Moda, DO_P7_R5,Unknown Author,N/A,Positive,"We travelled to this hotel for a hospital visit, All the staff were very helpful my mum was in a wheelchair and the staff went above and beyond to make sure we was comfortable.
The chef came over to us at breakfast to see if there was anything extra my mum would like. The boys in reception would always help us when we came in and out of the hotel.
Overall was an amazing experience especially it the stressful time we are going through they definitely helped boost moral.
We will be returning.
The hotel is also very central. Great location!"
 DoubleTree by Hilton Istanbul - Moda, DO_P7_R6,Unknown Author,N/A,Positive,The location and the views were good.
 DoubleTree by Hilton Istanbul - Moda, DO_P7_R6,Unknown Author,N/A,Negative,"The staff is terrible, rude and entitled and disrespectful, a bit racist as well. I’ve asked for plates and cutlery to the room and my dad also asked for them and 2 hrs passed by and no one came. My dad went down to get the plates and heat up some food they got for me as this was on my wedding reception day. They kept sending him back and forth to go the kitchen and manager and main desk. In the end they said the policy was not to heat outside food and my problem is they could say that in the first place. Now as soon as my local in-laws came in, staff had very different behaviour. If these people do not want to serve foreigners or tourists then they shouldn’t be working at the hotel, just close it or find a different job. I’ve never had this experience before in any hotel anyway, very rude behaviour in general and very unprofessional gestures and facial expression that tells you you are not welcome there. They went above and beyond for the booking that my partner made under his room as he was a local person."
 DoubleTree by Hilton Istanbul - Moda, DO_P7_R7,Unknown Author,N/A,Negative,The check out service could be ebtter. They took a while posting the bill and held funds for longer than necessary.
 DoubleTree by Hilton Istanbul - Moda, DO_P7_R8,Unknown Author,N/A,Positive,"Service, location, facilities were great. Only thing was the Turkish hamam was not working"
 DoubleTree by Hilton Istanbul - Moda, DO_P7_R8,Unknown Author,N/A,Negative,"Everything was great. Concierge team (Cem & Mahmut), room service/bartender (Muhammad) and few others were absolutely wonderful, a credit to the hotel"
 DoubleTree by Hilton Istanbul - Moda, DO_P7_R9,Unknown Author,N/A,Positive,Location is awesome
 DoubleTree by Hilton Istanbul - Moda, DO_P7_R9,Unknown Author,N/A,Negative,"It is an old hotel. Room was always hot and the guests are not allowed to control the air conditioner (which is set to 24 degrees). Since the building is surrounded by glass, the room temperature rises quickly when the sun hits and the air conditioner is not enough to cool the room. The room wasn’t clean. The bathroom was old and dirty. The floor is covered with carpet which was full of dust and stains. The tv has around 50 channels but no apps like Netflix etc. We brought our own Chrome-cast but because the tv was using local internet and not the wifi which was provided to the guests, it wasn’t possible. Overall bad experience."
 DoubleTree by Hilton Istanbul - Moda, DO_P7_R10,Unknown Author,N/A,Positive,"nice and clean , access to city via metro and ferry , well trained staff, Mustafa , Mahmut, Erkan  are caring and know their job well, friendly, good knowledge of English, welcoming,,,,I recommend this place, and definitely be back."
